rank,influencer,category,followers,likes,comments,sentiment_score,sentiment_score
1,angbeaufeaux,fashion,1153,717,295,0.43374128231437253,0.43374128231437253
2,denim910,fashion,1020,461,1540,0.675001639095303,0.675001639095303
3,flavia.dir,travel,1258,358,322,0.6002608157650094,0.6002608157650094
4,allex.andraa,fashion,1123,857,305,0.49909974267222607,0.49909974267222607
5,basialamy,fashion,1004,777,312,0.5921526261981453,0.5921526261981453
6,carsonhollier,fitness,1324,1079,323,0.4320789288958154,0.4320789288958154
7,amelia_kennedy_,family,1162,727,692,0.4883894157761877,0.4883894157761877
8,asim_cheema,travel,1188,244,483,0.6277020051689416,0.6277020051689416
9,elboustany,travel,1723,847,529,0.7026217238143481,0.7026217238143481
10,amara_murillo,fashion,1336,1272,493,0.6044671112120102,0.6044671112120102
11,bethanyinge,family,1062,745,417,0.5355833167746153,0.5355833167746153
12,annakapiteijn,fashion,1262,1213,281,0.684632589663187,0.684632589663187
13,ashleydirksen,fashion,1679,1079,382,0.6606511084907508,0.6606511084907508
14,chardinebiathlon,travel,1270,270,488,0.714035631728751,0.714035631728751
15,alexandra.kirchberger,fitness,1422,541,448,0.7154528645429135,0.7154528645429135
16,courtneysimmonds_,family,1011,494,637,0.6291571606271905,0.6291571606271905
17,dirtiehippy,fashion,1287,905,491,0.47481696557292363,0.47481696557292363
18,carrmelisaa,travel,1545,992,1573,0.5132610453227743,0.5132610453227743
19,eelsamansson,fashion,1283,594,639,0.5237290680819376,0.5237290680819376
20,_tanyapop,fashion,1341,997,731,0.6713569322860959,0.6713569322860959
21,amy.bales,fitness,1620,932,446,0.5986455305837939,0.5986455305837939
22,ainamariafranklinos,fashion,1020,427,462,0.6621372495289785,0.6621372495289785
23,fiaaandersson,fashion,1270,499,458,0.6517122782158901,0.6517122782158901
24,annecampbell91,family,1219,1107,311,0.41572691273275486,0.41572691273275486
25,barbspatino,fashion,1070,694,444,0.49791350942810947,0.49791350942810947
26,anibelin,fashion,1643,1063,382,0.7711044416111912,0.7711044416111912
27,darylannwhite,fitness,2172,1858,847,0.5259406956502982,0.5259406956502982
28,abbiekaym,fashion,1133,877,385,0.4953857083122156,0.4953857083122156
29,cykeefer,fashion,1398,835,381,0.4670259230794722,0.4670259230794722
30,carlykozz,family,1015,513,941,0.7059297347133167,0.7059297347133167
31,discodaddy96,family,1051,665,409,0.4708845904672281,0.4708845904672281
32,birgittefagstad,family,1524,626,567,0.6232104857616813,0.6232104857616813
33,bailee_denny,fashion,2492,1096,863,0.6678158251152183,0.6678158251152183
34,emimesch,fashion,1111,472,215,0.7018863056972429,0.7018863056972429
35,a12team,fashion,1319,861,405,0.7055199526417246,0.7055199526417246
36,ashleynordyke,fashion,2180,1371,278,0.5265889923173555,0.5265889923173555
37,dressesandcakes,food,1784,1065,313,0.5806559395560861,0.5806559395560861
38,ellapspencer,family,1290,449,374,0.511242574024643,0.511242574024643
39,audreyel,fashion,1661,2329,682,0.6165788840071341,0.6165788840071341
40,chaandlerr,travel,1521,1007,1078,0.6376400298862295,0.6376400298862295
41,daninations,travel,1232,646,1046,0.5963020706329177,0.5963020706329177
42,ashtaystew,family,1597,1263,376,0.6839789364669018,0.6839789364669018
43,abigailrosehill,travel,1323,678,427,0.5485806844242579,0.5485806844242579
44,brie.lynch,family,1158,688,595,0.5859467094069379,0.5859467094069379
45,erinshuffett,family,1008,1402,406,0.5346924751759963,0.5346924751759963
46,brennanfoster,travel,1125,321,931,0.647107032170173,0.647107032170173
47,bekah.roberts,family,1182,832,514,0.8121836750576648,0.8121836750576648
48,abigail.mewbourne,family,1232,1273,281,0.7301739538614834,0.7301739538614834
49,_alexisevans,fitness,1506,1654,1201,0.7320374387986978,0.7320374387986978
50,anchitnatha,travel,1375,972,464,0.6239078064092637,0.6239078064092637
51,chlo__j,fashion,1823,1472,1183,0.6243501277082961,0.6243501277082961
52,andreeadatcu,fashion,1399,1518,603,0.5039582640842545,0.5039582640842545
53,allie___gee,travel,1229,668,533,0.4231589179383879,0.4231589179383879
54,childlikeenthusiasm,family,1038,854,665,0.4544994891170672,0.4544994891170672
55,coh_photo,travel,1085,994,303,0.5470069415812088,0.5470069415812088
56,ceciliadelacruz7,fashion,2504,755,401,0.6006628481839744,0.6006628481839744
57,aubreygrensing,family,1356,798,614,0.7004197161549611,0.7004197161549611
58,aschae35,family,1925,1087,428,0.46743214258266585,0.46743214258266585
59,breequiachon,fashion,1784,536,355,0.5825536791031996,0.5825536791031996
60,dieserkingphil,fitness,2691,350,463,0.4558521399324836,0.4558521399324836
61,adentrostyle,fashion,1638,778,1184,0.6717944518133762,0.6717944518133762
62,em_ilylonergan,travel,1174,1041,493,0.6700349541418473,0.6700349541418473
63,daniwyeth,travel,1742,650,646,0.7323978456053115,0.7323978456053115
64,erikameowchiondo,family,1129,744,666,0.577975031639976,0.577975031639976
65,casslevinehair,beauty,1175,991,417,0.7458374031329911,0.7458374031329911
66,annieroethe,family,1287,1430,794,0.4860234196530294,0.4860234196530294
67,arq_mari,travel,1033,742,421,0.528135137459946,0.528135137459946
68,corinnemunsch,family,1374,1158,462,0.5716507691615537,0.5716507691615537
69,alexaward5,family,1358,1163,328,0.6228450866604448,0.6228450866604448
70,agnethetomine,fashion,1766,828,520,0.4846536322767937,0.4846536322767937
71,aarondegroeve,fashion,1494,868,451,0.4663046038136656,0.4663046038136656
72,corapursley,fashion,2382,706,480,0.6096845778603207,0.6096845778603207
73,beautyandabunny,fashion,1138,2087,1354,0.6406375530781192,0.6406375530781192
74,andriettaaa,fashion,1473,493,217,0.6700950010023192,0.6700950010023192
75,eugen.fink,fitness,2371,580,331,0.4853584995841647,0.4853584995841647
76,17maggiezine,family,1499,1531,398,0.4828855169219743,0.4828855169219743
77,bailimorrison,family,1122,828,810,0.5343533440457368,0.5343533440457368
78,14th_avenue_photography,travel,1095,568,349,0.6761593747747141,0.6761593747747141
79,bradynations,travel,1874,1821,1130,0.5595173367123555,0.5595173367123555
80,ally_being_ally,family,3239,751,757,0.46755307560313747,0.46755307560313747
81,amillieemily,fashion,2047,1119,832,0.6402488838222931,0.6402488838222931
82,abbie.renea,fashion,1273,1795,984,0.7115987225347518,0.7115987225347518
83,abbsherrington,fashion,3240,600,380,0.5861041544234822,0.5861041544234822
84,_theoliveoil,family,1439,1040,323,0.5385635218090746,0.5385635218090746
85,amanda.paul,fashion,2166,1049,757,0.6776516631869977,0.6776516631869977
86,angeliquefiske,travel,1280,1021,1049,0.5352320073059014,0.5352320073059014
87,coconutbrii,travel,2182,973,491,0.6074985782233772,0.6074985782233772
88,denisewehbehook,family,1175,337,347,0.669794765516094,0.669794765516094
89,dineoutdiaries,food,4006,423,312,0.5994779761686171,0.5994779761686171
90,aynur_zweiuhr,travel,1545,759,435,0.6226955210598276,0.6226955210598276
91,daniellalassas,fashion,1096,859,659,0.7035077970465672,0.7035077970465672
92,briangregan89,fitness,2602,686,608,0.6855474435561477,0.6855474435561477
93,ambahparkahphoto,fashion,1465,1154,613,0.6681729237569755,0.6681729237569755
94,caitlinryanharper,fashion,2337,1991,633,0.5572444932633047,0.5572444932633047
95,cutieclose,family,1364,940,705,0.7237270684340855,0.7237270684340855
96,carolineregan,travel,1085,972,832,0.4766679220606741,0.4766679220606741
97,alexis_howell,family,2119,808,781,0.5178836571764462,0.5178836571764462
98,b_asmar,other,1073,824,718,0.6615311118941063,0.6615311118941063
99,allisoncdurham,family,1156,809,439,0.6365924278008664,0.6365924278008664
100,cindaylammy,fashion,1336,503,546,0.7030498184814873,0.7030498184814873
101,ashleydufour,family,1393,1037,315,0.49617301180031176,0.49617301180031176
102,azvleticia,fashion,2806,1283,293,0.4696295717488215,0.4696295717488215
103,exploretheyummies,food,2732,593,777,0.6740517225646536,0.6740517225646536
104,andrena_grant,travel,1222,2431,580,0.3332941105801796,0.3332941105801796
105,experimentalvalentine,travel,2053,719,744,0.5594408441314618,0.5594408441314618
106,absterr7,fashion,1548,1875,979,0.7266775603170936,0.7266775603170936
107,amandapaige122,fashion,1884,1426,1622,0.5716805071236086,0.5716805071236086
108,dihickmanyoga,food,1184,809,738,0.6064989311090414,0.6064989311090414
109,almn3ee,fitness,2019,217,858,0.6280722229857184,0.6280722229857184
110,_maylen__,fashion,1890,941,393,0.5431804786126677,0.5431804786126677
111,alissabowman,fashion,2753,1061,499,0.6728904567304925,0.6728904567304925
112,aufwolkejuli,fashion,1494,1459,438,0.6287460410238839,0.6287460410238839
113,aamandaelisabet,fitness,1864,943,362,0.6197037600408171,0.6197037600408171
114,bloom_mads,family,1845,1561,409,0.5599757197027885,0.5599757197027885
115,ang.reeves,family,1221,1043,683,0.5705490306518416,0.5705490306518416
116,eli_and_fabi_on_the_road,travel,1123,992,569,0.6731462282294413,0.6731462282294413
117,chloeverard,family,6664,615,405,0.6792967116190282,0.6792967116190282
118,edenspleen,fashion,1616,1341,292,0.709399638554006,0.709399638554006
119,ausxc,other,1083,196,382,0.6098421455730694,0.6098421455730694
120,fatal.tides,fashion,1919,1004,1277,0.5533527966020123,0.5533527966020123
121,eleocordella,travel,1658,356,584,0.6081696316999509,0.6081696316999509
122,cfsustin,other,1155,1338,466,0.561282414088292,0.561282414088292
123,elyseneilerman,travel,1066,1059,830,0.4997440701833292,0.4997440701833292
124,cityhaley,fashion,1465,686,310,0.5152624798548644,0.5152624798548644
125,dariony,travel,1310,998,593,0.6655581647474361,0.6655581647474361
126,amandafranxes,travel,1285,698,1034,0.6740804516800292,0.6740804516800292
127,_allesschwarz,fashion,1202,610,280,0.5805735891772604,0.5805735891772604
128,ameer_mango,fashion,1934,1642,674,0.5687555679081827,0.5687555679081827
129,aphrodite_cj,fashion,2070,439,732,0.6803805991302357,0.6803805991302357
130,evynredar,fashion,4555,640,336,0.3956620702632403,0.3956620702632403
131,dashaneith,fashion,9017,1949,326,0.7543921155875707,0.7543921155875707
132,daniela.beresova,fashion,1297,465,314,0.5612957301024345,0.5612957301024345
133,em_cullum,fashion,1120,869,394,0.7056796616143571,0.7056796616143571
134,bb.mels,fashion,4212,300,577,0.6876713410645998,0.6876713410645998
135,deliafiscu,family,2294,308,919,0.7163339339871806,0.7163339339871806
136,flaviamalvim,fashion,1048,550,1183,0.418544935153954,0.418544935153954
137,anywayani,food,1984,328,289,0.7813025637420835,0.7813025637420835
138,classiccarlos,other,1018,966,939,0.4924006821686004,0.4924006821686004
139,ervincaldwell,travel,1239,1245,1301,0.5927105902018817,0.5927105902018817
140,flipeye_,other,1178,906,518,0.3658800338902934,0.3658800338902934
141,algo_pasa_con_mery,fashion,6927,1033,327,0.8035729822720069,0.8035729822720069
142,ave.moore,fashion,3019,986,835,0.6191110774940675,0.6191110774940675
143,brittneyb_howell,travel,1457,985,450,0.6396865663854335,0.6396865663854335
144,cristiane_ross,travel,2275,1078,588,0.7361798085321927,0.7361798085321927
145,chelsea10166,travel,2019,816,362,0.5407707585774109,0.5407707585774109
146,ellaswansonn,fashion,3454,1008,321,0.6776673947694003,0.6776673947694003
147,dihn_aloood,travel,3394,470,1007,0.7444859814566278,0.7444859814566278
148,eli.grm,family,1406,861,738,0.48593732602869155,0.48593732602869155
149,ellenstubner,fashion,3014,651,433,0.5957560096747888,0.5957560096747888
150,caragill,fashion,4385,978,288,0.5923202102114075,0.5923202102114075
151,abuhse,travel,1490,1708,483,0.6834072506246897,0.6834072506246897
152,cecicalvog,fashion,1498,642,768,0.6177396761929245,0.6177396761929245
153,adudewithfoodny,food,2555,934,271,0.6640186068552272,0.6640186068552272
154,abbiethevizsla,pet,1458,524,719,0.5463683959023041,0.5463683959023041
155,ashleyagodfrey,fashion,1441,776,685,0.7083228373636011,0.7083228373636011
156,_sav_annah,family,2284,995,385,0.5660157356100718,0.5660157356100718
157,cassbelll,family,3858,902,600,0.7148307458304459,0.7148307458304459
158,ameliaxmichels,fashion,3117,998,317,0.5495604369793528,0.5495604369793528
159,barbarafantini,travel,1508,547,611,0.4957780662886367,0.4957780662886367
160,dlfactory,fashion,1189,2414,1059,0.6782491906249601,0.6782491906249601
161,andrewphilly,travel,1262,394,448,0.4411522555100869,0.4411522555100869
162,edoexercise,travel,1161,531,433,0.40282955127488423,0.40282955127488423
163,ardenbee,fashion,1843,797,695,0.5901808883492464,0.5901808883492464
164,dianaluchin,travel,2057,1297,343,0.7220880995687677,0.7220880995687677
165,charlottesofieg,fashion,2277,499,491,0.5768706286253483,0.5768706286253483
166,carlycoberly,travel,1380,1052,394,0.6459944528540258,0.6459944528540258
167,alerossifoto,travel,2354,939,790,0.48598480105986175,0.48598480105986175
168,cstropko,travel,1445,1662,734,0.5518629007782357,0.5518629007782357
169,adventu.russ,travel,1116,1374,1287,0.4552915572748865,0.4552915572748865
170,anastasia_greer,fashion,3709,756,739,0.5514965519760664,0.5514965519760664
171,alexas.mind,fashion,3354,1415,673,0.6892613183236921,0.6892613183236921
172,firstmodelsandtalent,fashion,1135,323,289,0.7454584438405042,0.7454584438405042
173,as_tii,fashion,2317,350,292,0.7681273789127256,0.7681273789127256
174,abbyevans,family,1888,639,513,0.5014041106420835,0.5014041106420835
175,daynetx3,fashion,2510,496,644,0.6370253088922954,0.6370253088922954
176,annajoyyee,family,1383,824,817,0.6778355806569114,0.6778355806569114
177,ellenbuui,fashion,1597,821,390,0.7079955674737934,0.7079955674737934
178,erinkayyeung,fashion,1473,994,383,0.6194554699579005,0.6194554699579005
179,cydneyamposta,travel,1226,1000,585,0.6373829245280821,0.6373829245280821
180,anayiamali,fashion,1030,822,527,0.6242684668664928,0.6242684668664928
181,elisabethresch,fashion,1119,279,343,0.7234740512694288,0.7234740512694288
182,anaspreng,family,1031,732,837,0.6294587751322119,0.6294587751322119
183,derek_j,travel,2820,530,1413,0.70337790767468,0.70337790767468
184,bekah_ruckart,family,1443,1645,618,0.5646250891835553,0.5646250891835553
185,cigarstory,pet,1733,680,656,0.6502450891198267,0.6502450891198267
186,coreylabarrie,family,142999,194,339,0.4111449489771727,0.4111449489771727
187,charlieontravel,travel,1318,1359,604,0.6123931604620518,0.6123931604620518
188,achillesphotography,fashion,1545,712,353,0.7399349608471041,0.7399349608471041
189,conormullervy,travel,1513,486,1571,0.47711164970750747,0.47711164970750747
190,cassidyrudisell,fashion,1401,879,435,0.5576518832953379,0.5576518832953379
191,addyson_bell,family,6407,302,373,0.6606423178690348,0.6606423178690348
192,art_by_farisroslan,other,1197,595,305,0.5827341343540935,0.5827341343540935
193,coffeewithrosa,fashion,1594,988,383,0.6823037806276274,0.6823037806276274
194,amielatisha,fashion,3528,898,311,0.5806056842985493,0.5806056842985493
195,attruongg,fashion,1245,1344,643,0.6039865688533116,0.6039865688533116
196,_shampooj,family,1763,1081,714,0.4873516075107784,0.4873516075107784
197,bulakke,travel,1609,887,470,0.5101426177540106,0.5101426177540106
198,_ixenia,travel,13428,203,268,0.5653601508929571,0.5653601508929571
199,carmimoore,fashion,1272,800,721,0.6779929508922427,0.6779929508922427
200,brittany.rt,travel,1499,688,480,0.6818635878074741,0.6818635878074741
201,caseyyjohanson,fashion,1628,1539,333,0.7083476748828614,0.7083476748828614
202,ellatumbless,fashion,2260,2545,426,0.6386381802443839,0.6386381802443839
203,ami_oneill,travel,10824,468,395,0.6500011931414773,0.6500011931414773
204,alvahemer,fashion,4219,360,295,0.5762742147330363,0.5762742147330363
205,christian_tay,fashion,5803,899,346,0.54813385870703,0.54813385870703
206,chloeastley,family,3197,1357,346,0.8185211517648768,0.8185211517648768
207,diningdigestchi,food,1362,693,778,0.6216811748124383,0.6216811748124383
208,alexamunger,fashion,4611,587,1186,0.6258446113624262,0.6258446113624262
209,brunetteboheme,fashion,4385,303,333,0.6399472354214092,0.6399472354214092
210,ellennrosee,fashion,3803,791,619,0.6931993323973066,0.6931993323973066
211,_ernette_x,fashion,1870,706,290,0.6883388806506673,0.6883388806506673
212,emeliehorst,fashion,3450,801,641,0.45714020565327057,0.45714020565327057
213,alinamarav,travel,1128,868,845,0.4614232951647494,0.4614232951647494
214,decofixel,other,1273,619,690,0.4467342377355522,0.4467342377355522
215,ari_c,fashion,2033,1102,3925,0.6790568717372973,0.6790568717372973
216,erikaarff,fashion,4680,1150,299,0.6713808870244029,0.6713808870244029
217,carletonjames,fitness,3182,741,371,0.5076653355353375,0.5076653355353375
218,etrems,other,1222,1364,912,0.5518915790052757,0.5518915790052757
219,ephysio,travel,1575,785,1114,0.6144717451646681,0.6144717451646681
220,andrefbernardino,travel,1062,939,743,0.374678879489786,0.374678879489786
221,cattron,family,2422,1980,395,0.6027022760145613,0.6027022760145613
222,arylifestyle,fashion,2381,1211,326,0.687699989279362,0.687699989279362
223,desertsongbird,fashion,3338,1032,617,0.6178775175665704,0.6178775175665704
224,charlottegrillco,other,1170,613,356,0.6520489569993886,0.6520489569993886
225,bright.ong,other,1371,1210,1508,0.42970175186814136,0.42970175186814136
226,emilia_gi,travel,1135,502,983,0.6230096047906251,0.6230096047906251
227,emilyeyoung,fashion,1411,449,336,0.67926896475832,0.67926896475832
228,beyornce,travel,1656,526,845,0.31946100224099044,0.31946100224099044
229,ariellex3,fashion,2401,649,803,0.4263528943445893,0.4263528943445893
230,blanchecarpio,family,2248,542,583,0.6373588343452512,0.6373588343452512
231,christianarsberg,fashion,2563,544,473,0.5476420309697544,0.5476420309697544
232,camillakjerstad,fashion,4471,987,422,0.6730005090210538,0.6730005090210538
233,dutchadventurer,travel,1546,957,489,0.7853809015170047,0.7853809015170047
234,bastihansen,fashion,14848,795,1164,0.6842354972048503,0.6842354972048503
235,blairewilson,fashion,5994,901,720,0.5780038142758092,0.5780038142758092
236,blasianbbydoll,family,2107,666,458,0.6014364247046916,0.6014364247046916
237,ashtongibbs,travel,3107,1863,608,0.6760078303668065,0.6760078303668065
238,alliegee319,fashion,1332,482,2096,0.6905932757577687,0.6905932757577687
239,anunstoppablejourney,travel,2404,896,2523,0.5318552226536671,0.5318552226536671
240,diandrazaki,food,1460,915,2161,0.5679327324753904,0.5679327324753904
241,andrewxschneider,travel,1018,773,537,0.4828264940402785,0.4828264940402785
242,beatrice_copeland,other,1620,1023,755,0.5592883932157432,0.5592883932157432
243,biancalangham,family,1491,1755,766,0.5764762717936384,0.5764762717936384
244,coach_nguyen,other,1647,836,779,0.5715682226476138,0.5715682226476138
245,boudoirss,travel,1030,452,241,0.5731302533289659,0.5731302533289659
246,fia_the5footer_,food,1270,447,1447,0.6111580635378699,0.6111580635378699
247,beckienye,fashion,1117,743,434,0.7896056827025025,0.7896056827025025
248,bluejeanbrdy,fashion,2246,981,537,0.7043932863883072,0.7043932863883072
249,anna_christine21,fashion,1068,3579,418,0.44357062034267825,0.44357062034267825
250,_igarby,other,1363,1004,389,0.4922194168006251,0.4922194168006251
251,anashtayim,other,1385,1257,591,0.4099848682611318,0.4099848682611318
252,admwild,travel,3126,1432,272,0.736863734489806,0.736863734489806
253,danilabory,fashion,1430,840,841,0.6941407343708855,0.6941407343708855
254,bakingzen,food,1692,1583,1006,0.7195538286662184,0.7195538286662184
255,avi.deh,travel,1075,699,1139,0.5744096383603691,0.5744096383603691
256,christyrosebud,travel,1133,299,851,0.5209691971870819,0.5209691971870819
257,_linhda,fashion,4893,1116,373,0.578196213027278,0.578196213027278
258,crystalxdanielle,family,6311,647,455,0.6019115393627482,0.6019115393627482
259,eeekarlsson,travel,1365,429,626,0.6977886481705281,0.6977886481705281
260,emily_england1,other,1270,703,795,0.48049364655615107,0.48049364655615107
261,eligiamartins,fashion,3371,988,335,0.625366331705482,0.625366331705482
262,fit_nuuris,fitness,2106,583,702,0.5677823836409559,0.5677823836409559
263,_casskarl,fashion,1103,822,563,0.6558575063791782,0.6558575063791782
264,ellietindall,family,6825,1016,580,0.5086801694372347,0.5086801694372347
265,baileetig,travel,1763,1999,449,0.6236615309761083,0.6236615309761083
266,amyraephoto,family,1458,1310,1846,0.6998039468667527,0.6998039468667527
267,christernordnes,fashion,1607,522,332,0.7256347502792595,0.7256347502792595
268,eellalarsson,fashion,3670,484,419,0.599545245249743,0.599545245249743
269,callumm556,other,1067,555,644,0.30903147410288806,0.30903147410288806
270,alexslens,travel,2817,265,291,0.5593560238176587,0.5593560238176587
271,anthonymomanart,travel,1011,1002,678,0.5803219793655972,0.5803219793655972
272,ahmetdagphotography,travel,1251,1163,296,0.750234486832135,0.750234486832135
273,eqaustin,family,1412,1092,537,0.7477050248571449,0.7477050248571449
274,elvisckd,fashion,1954,485,590,0.5143053601843273,0.5143053601843273
275,autumnwilson,fashion,2098,1023,993,0.7059738002934849,0.7059738002934849
276,carmenicole,food,1090,911,337,0.5608398843951891,0.5608398843951891
277,apriltoaugust,travel,1086,345,1118,0.5966570107507305,0.5966570107507305
278,crambert,beauty,2007,1697,811,0.5645158139254831,0.5645158139254831
279,eve_gay01,fashion,5142,670,648,0.5115051191658229,0.5115051191658229
280,anitasdiaries,travel,1420,626,372,0.590488798175855,0.590488798175855
281,emmimmi,fashion,7121,758,475,0.5752524040820065,0.5752524040820065
282,alexiaarosse,fashion,10230,195,380,0.6037370506798906,0.6037370506798906
283,erinlizkelly,travel,1307,1003,853,0.5669160601389662,0.5669160601389662
284,atbitalia,travel,1212,517,529,0.6450763558286557,0.6450763558286557
285,caitlindunkley,family,1301,1744,641,0.6504118233776406,0.6504118233776406
286,antonizzleellizle,family,1133,834,451,0.42899761294858973,0.42899761294858973
287,aaron_wylie10,family,1593,1194,338,0.536339084566377,0.536339084566377
288,bailyroberts,fashion,1766,3620,498,0.695981616298777,0.695981616298777
289,chanskers,food,1732,995,1219,0.6240425607952641,0.6240425607952641
290,ayehpineda,food,1184,993,1364,0.697387007762798,0.697387007762798
291,bayleyjunes,travel,16521,252,601,0.6835762051982698,0.6835762051982698
292,brittanygrahamhaslam,family,5232,850,552,0.7501043777073018,0.7501043777073018
293,1nonlycash,fashion,1494,910,453,0.5417294775212649,0.5417294775212649
294,biancarose_art,other,3736,722,450,0.7024889438802283,0.7024889438802283
295,danielscottkain,fashion,3449,3895,310,0.4970523820956273,0.4970523820956273
296,beauti_ful_night_mare,fashion,4267,583,312,0.6152308025313844,0.6152308025313844
297,clarisse.renee,travel,1396,943,1731,0.6679769894296196,0.6679769894296196
298,amydrauch,fashion,3094,668,622,0.5991226430358912,0.5991226430358912
299,danrascal,other,1084,1851,340,0.5164382263045864,0.5164382263045864
300,clairebdawe,family,3368,1069,805,0.5980071540336621,0.5980071540336621
301,852sophie,fashion,1029,320,854,0.6964452693252936,0.6964452693252936
302,brandonshowersofficial,fitness,2318,870,1189,0.6857160709535384,0.6857160709535384
303,dear_desmond21,family,1400,799,304,0.6031969501353256,0.6031969501353256
304,aronomars,travel,1818,665,1067,0.502434417293915,0.502434417293915
305,dianemichiko,food,1475,445,763,0.6005619704315749,0.6005619704315749
306,alexzandrathomas,travel,1350,990,717,0.5608233018353883,0.5608233018353883
307,drea.flow,fashion,2007,1056,695,0.7028450304073712,0.7028450304073712
308,carloslazarini,travel,70343,280,854,0.6926078164945266,0.6926078164945266
309,davec03,travel,1054,822,516,0.5935892375793979,0.5935892375793979
310,alyssa13ramos,family,6511,350,808,0.5329042199756767,0.5329042199756767
311,dkarjadi,travel,1638,626,895,0.5901955576279304,0.5901955576279304
312,_everydayariana,fashion,1448,885,288,0.698149516637501,0.698149516637501
313,farawaylucy,travel,3751,1600,837,0.6521261115403632,0.6521261115403632
314,crystalmrr,fashion,12719,561,673,0.27409522121496555,0.27409522121496555
315,allymillerr,fashion,6167,1080,432,0.5336636977126823,0.5336636977126823
316,eastsidefoodie,food,2088,1125,274,0.49379523994469154,0.49379523994469154
317,claradiation,travel,1467,696,288,0.5334304105263499,0.5334304105263499
318,beardabouttown,family,1217,1002,2317,0.6135486682562165,0.6135486682562165
319,ebbawh,travel,1180,861,745,0.6720321053753386,0.6720321053753386
320,annszi,travel,1908,397,1336,0.6451874204118118,0.6451874204118118
321,dapperdonats,fashion,5211,313,864,0.7212650717891853,0.7212650717891853
322,dedinskamat,family,2422,698,552,0.6262490675414574,0.6262490675414574
323,domlanae,beauty,1529,987,379,0.6684265815671517,0.6684265815671517
324,anj_x,travel,3188,220,320,0.4710121026813072,0.4710121026813072
325,ellelouisa14,family,1073,1462,834,0.5053553101439603,0.5053553101439603
326,angelinapiro,fashion,8618,809,496,0.5673187751267139,0.5673187751267139
327,dannisimone,fashion,3491,987,440,0.6238039335553918,0.6238039335553918
328,donnaubags,travel,2852,311,881,0.6292369296615036,0.6292369296615036
329,damselindetroitblog,fashion,1338,2864,313,0.6751695184837281,0.6751695184837281
330,alejandrareyes,fashion,4647,1007,296,0.6288274373534436,0.6288274373534436
331,crouchendmums,other,1131,349,265,0.5057855967031588,0.5057855967031588
332,alanadoust,travel,5581,1126,761,0.6264341518633896,0.6264341518633896
333,dr_maille,travel,6598,295,594,0.6691744437328061,0.6691744437328061
334,acummins13,family,2940,1511,399,0.6645955616526021,0.6645955616526021
335,ayoedebiri,other,2347,980,1324,0.502424988609797,0.502424988609797
336,dipasqualeserena,fashion,2608,893,495,0.6874473252941713,0.6874473252941713
337,doorathea,other,2155,902,923,0.5773150081615694,0.5773150081615694
338,fishontheradio,family,1544,914,357,0.5244710507994811,0.5244710507994811
339,blayke.ryan,fashion,3036,1748,814,0.5755203309543859,0.5755203309543859
340,blackcatyoga,fitness,1035,1786,782,0.525948169725473,0.525948169725473
341,cheekymommaof2,travel,1058,991,1021,0.6385874823242316,0.6385874823242316
342,chewwwie,food,2181,345,487,0.6681562758010567,0.6681562758010567
343,davideercoli,travel,5036,643,348,0.5983616640915279,0.5983616640915279
344,by_fishingforcompliments,fashion,2279,2032,409,0.7612034301911013,0.7612034301911013
345,ariengabrielle,fashion,3489,914,1134,0.6606028179371329,0.6606028179371329
346,edithsahlberg,fashion,6843,271,709,0.6541577364550903,0.6541577364550903
347,alexiscastro_xo,beauty,1801,1998,778,0.7337603094820382,0.7337603094820382
348,anna_graziella,travel,1227,301,445,0.6559118599503696,0.6559118599503696
349,bruninha_sa,family,2169,440,908,0.5316216689562914,0.5316216689562914
350,djsnowtiger,pet,1169,1225,1238,0.48708717893372155,0.48708717893372155
351,fabinakaya,travel,1362,3583,762,0.6629152140272954,0.6629152140272954
352,aisha.uk,beauty,1204,666,779,0.6379353333546555,0.6379353333546555
353,ceciotta_,other,1056,1027,789,0.4801814964008109,0.4801814964008109
354,annabirgersson,fashion,5230,987,1364,0.5702488748395497,0.5702488748395497
355,aidasflaws,fashion,1531,287,357,0.701345385287903,0.701345385287903
356,ashthe_designer,fashion,1128,776,433,0.6711723137673192,0.6711723137673192
357,afizyassin,fashion,1040,706,521,0.5154942557680903,0.5154942557680903
358,copywritemag,other,1343,825,349,0.6157280635843606,0.6157280635843606
359,davidlautman,other,1471,256,516,0.581981896017955,0.581981896017955
360,erica_hjerpe,fashion,5642,713,1072,0.5648127738937417,0.5648127738937417
361,ashleehuff,fashion,3496,910,319,0.6191836833068666,0.6191836833068666
362,bennicullen,other,1300,498,319,0.6412497769145662,0.6412497769145662
363,ashiepowers,fashion,6179,953,720,0.5889313458764088,0.5889313458764088
364,breianna_,travel,3785,342,398,0.5475713044281532,0.5475713044281532
365,biancaxxfranco,fashion,9504,937,461,0.570870559337216,0.570870559337216
366,alexandrawlf,food,1699,410,430,0.6050284655935787,0.6050284655935787
367,ester_depret,family,1577,604,934,0.6562747384929396,0.6562747384929396
368,castyworld,travel,5645,800,389,0.7522682238893421,0.7522682238893421
369,charliepr1ce,travel,6771,1193,228,0.6878529428153203,0.6878529428153203
370,amandathriving,travel,1386,1443,2129,0.6571558741162922,0.6571558741162922
371,demijonk,fashion,4267,977,499,0.5979640164162071,0.5979640164162071
372,anjayven,travel,1204,937,362,0.7241387041807896,0.7241387041807896
373,documented.happiness,travel,2237,1417,390,0.7433550401439758,0.7433550401439758
374,atter.cliffe,travel,22944,274,552,0.631988175059355,0.631988175059355
375,annalisemacdonald,travel,3843,1057,320,0.7777143619237574,0.7777143619237574
376,fernwhelan,family,2220,994,772,0.5298928331620991,0.5298928331620991
377,andyuuki,family,1288,277,334,0.5896529783939211,0.5896529783939211
378,elikeny,fashion,2328,357,360,0.6851161619894375,0.6851161619894375
379,flxcuf,fashion,1348,489,276,0.4128383840917953,0.4128383840917953
380,devynleone,travel,1846,498,507,0.6214219349805307,0.6214219349805307
381,claudiacurac,fashion,2753,536,766,0.5489326523447993,0.5489326523447993
382,chanellle,fashion,5917,442,499,0.5483009664338688,0.5483009664338688
383,alsiafy,fashion,1053,1011,1799,0.7172990800358882,0.7172990800358882
384,alicorin,other,1172,707,1357,0.5913046303900337,0.5913046303900337
385,eastonspeedworks,other,1009,402,383,0.33051078969659897,0.33051078969659897
386,dpjmw5,other,1714,1606,998,0.5573698456703895,0.5573698456703895
387,ailinhyde,fashion,2497,742,634,0.7131040309439468,0.7131040309439468
388,eatnblogkarachi,food,2156,1587,481,0.5563959305282848,0.5563959305282848
389,chillinwithbernie,travel,7832,493,281,0.5658473450597852,0.5658473450597852
390,fitbits_,travel,2095,1364,1471,0.5204580808103351,0.5204580808103351
391,ashleysue,family,1073,590,744,0.5933703723133442,0.5933703723133442
392,fash.n.franzi,fashion,2219,674,582,0.8196543959230064,0.8196543959230064
393,amandapamblanco,fashion,2514,1461,635,0.6689441162804153,0.6689441162804153
394,bvilain,family,1594,914,1876,0.34887317693748765,0.34887317693748765
395,capt_morgzz,family,8477,932,462,0.5546991958482962,0.5546991958482962
396,camillasiber,travel,2347,493,376,0.6996652285794954,0.6996652285794954
397,brielle_davis_gmm,fashion,1104,375,460,0.8197621417401564,0.8197621417401564
398,caseysasser,family,2209,740,711,0.7164536402859819,0.7164536402859819
399,epens,beauty,1327,885,341,0.5568938228176548,0.5568938228176548
400,davidexplore,travel,11168,491,564,0.8033685681106248,0.8033685681106248
401,beatrice_smith,fashion,1671,641,412,0.5253816498182768,0.5253816498182768
402,adventuresofaspooniemom,other,1408,3604,425,0.3961867598497372,0.3961867598497372
403,cassonthetrack,fashion,3474,989,551,0.47123555609043055,0.47123555609043055
404,cammy_ebel,travel,2531,2059,298,0.5426686186755972,0.5426686186755972
405,ellisreed,travel,2396,2070,590,0.7019769339983973,0.7019769339983973
406,diamond.atx,fashion,5673,824,338,0.5761060349615135,0.5761060349615135
407,dannysancheesey,other,1061,994,778,0.4811729658219556,0.4811729658219556
408,catiecase,travel,1838,1805,1601,0.5709605183515482,0.5709605183515482
409,cookiecat.herine,fashion,3256,1175,339,0.7408282445101699,0.7408282445101699
410,dancingdominican,fashion,1339,554,430,0.6120817369326753,0.6120817369326753
411,alxndrhamilton,fitness,1397,1546,699,0.5955322424515607,0.5955322424515607
412,ammarhina,other,1035,103,535,0.6347552045587112,0.6347552045587112
413,david.juarez_,fashion,39614,472,297,0.5015519681066233,0.5015519681066233
414,feistyfoodie,food,2210,233,2149,0.5501438653393441,0.5501438653393441
415,emmadowney,travel,1747,644,667,0.5999531081340824,0.5999531081340824
416,brandon.suckz,beauty,2313,298,417,0.5538988395417033,0.5538988395417033
417,aberoiza,family,1132,1255,439,0.47040404897978116,0.47040404897978116
418,basicallybananaslook,fashion,3376,1211,472,0.6479971570707707,0.6479971570707707
419,avalonnadfalusi,fitness,19203,328,396,0.555942827808008,0.555942827808008
420,ezzajay,travel,3740,831,705,0.5107853299131511,0.5107853299131511
421,ciaraa.ob,travel,3032,714,304,0.6160643284789442,0.6160643284789442
422,emilyjobrien,fashion,3968,7469,647,0.5803274444145606,0.5803274444145606
423,desi_bly,travel,2246,847,277,0.35948237169337405,0.35948237169337405
424,ali_arrington,fashion,5985,1235,1175,0.6122070678719251,0.6122070678719251
425,candlewaxcosplay,fashion,1136,342,237,0.6863574120488368,0.6863574120488368
426,cortney.churchill,fashion,3376,2567,282,0.5780932321292283,0.5780932321292283
427,almiraprincesa,travel,3435,365,324,0.6895499291041122,0.6895499291041122
428,amandasmitthh,fashion,5405,504,577,0.7712998585542752,0.7712998585542752
429,danishiggy,pet,5586,384,738,0.6071278312593945,0.6071278312593945
430,elevationexp,travel,2826,3015,1407,0.44062733190677067,0.44062733190677067
431,carmenvalladolid_,beauty,3274,503,478,0.7177064262322671,0.7177064262322671
432,adamcantiello,travel,2337,940,816,0.5249481393246989,0.5249481393246989
433,a.a.brenner,other,1006,915,411,0.5726742185891156,0.5726742185891156
434,bitsofbianca,fashion,1570,697,426,0.7185601470546717,0.7185601470546717
435,condo29,other,1101,533,505,0.6600080609169799,0.6600080609169799
436,elliemaeford,beauty,1028,985,279,0.668856916726598,0.668856916726598
437,drinkswellwithothers,family,2407,3278,793,0.44759954883425146,0.44759954883425146
438,elijahyoon,travel,6121,899,447,0.6565044023436376,0.6565044023436376
439,_bysteffi,travel,1648,622,701,0.7123437033514068,0.7123437033514068
440,bitsofbrittany,fashion,2064,964,1721,0.6063543776104273,0.6063543776104273
441,bianca.k.linger,travel,3244,583,228,0.5485510875655529,0.5485510875655529
442,chaosofkyra,fashion,5882,986,726,0.6673231961042704,0.6673231961042704
443,drjay1,travel,1873,610,455,0.49315196900957226,0.49315196900957226
444,carlycatalana,fashion,6289,907,1377,0.6489871341568916,0.6489871341568916
445,bohemianfoodgasm,food,1365,364,724,0.43234325650607897,0.43234325650607897
446,bakeaman,family,1638,2570,595,0.5943589439482322,0.5943589439482322
447,fitbyamandamartin,fitness,1171,654,489,0.5055114473916571,0.5055114473916571
448,aliciazitka,travel,3619,607,326,0.7569937558685542,0.7569937558685542
449,danceloverun,fitness,4778,942,389,0.6474438133170641,0.6474438133170641
450,alexgagliano30,family,8342,1955,661,0.5306891445608687,0.5306891445608687
451,cinnamonviolin,fashion,1618,1033,376,0.6433825378671132,0.6433825378671132
452,findinginnerpearce,travel,2639,780,1519,0.6845770467077921,0.6845770467077921
453,eivapoppins,travel,2076,732,766,0.6046656820832574,0.6046656820832574
454,dompfan,travel,3365,841,1683,0.5416944709478966,0.5416944709478966
455,brandwerkmusic,other,1408,836,505,0.5981233904217558,0.5981233904217558
456,elettroshock,travel,3040,1253,640,0.7361563923085216,0.7361563923085216
457,_jcl,other,1055,471,725,0.4384291445539401,0.4384291445539401
458,dianelucille,fashion,1775,1289,595,0.48078700969959964,0.48078700969959964
459,aristailona,family,2464,1974,700,0.5848427170355369,0.5848427170355369
460,eatdrinkdc,food,24043,969,397,0.6088095039946397,0.6088095039946397
461,_danielglick,other,2192,1515,347,0.34722421609522436,0.34722421609522436
462,alisiaapricot,food,1308,342,548,0.7148347278195926,0.7148347278195926
463,carolinenicodemus,fashion,9941,1137,642,0.4421821516365649,0.4421821516365649
464,devdominguez,fashion,7184,1594,351,0.6279651400134988,0.6279651400134988
465,fashionnestaa_,fashion,8309,1037,484,0.781332022077021,0.781332022077021
466,dj_gigola,fashion,8886,795,339,0.4296913801963131,0.4296913801963131
467,caramonte,fashion,2163,1663,1420,0.587643383401593,0.587643383401593
468,annamariehall,fashion,6963,2064,344,0.5541728608973928,0.5541728608973928
469,elliotfitness,fitness,1169,868,800,0.528167394044318,0.528167394044318
470,cecerahoerason,fashion,2517,1335,715,0.5806799947789265,0.5806799947789265
471,amberrrwang,fashion,19852,465,995,0.6544620199864947,0.6544620199864947
472,davidhubacher,travel,26205,872,1266,0.703562117928781,0.703562117928781
473,betshudson,family,3223,982,1269,0.6191342315074607,0.6191342315074607
474,ejay_diamond1,fashion,3413,1087,316,0.6577600691836785,0.6577600691836785
475,blogflordepapel,travel,1186,489,477,0.5561750984723025,0.5561750984723025
476,erikak0chweser,fashion,1196,459,498,0.39613501469064927,0.39613501469064927
477,escuderocelyne,fashion,6876,833,704,0.7665176622451968,0.7665176622451968
478,allisoneschuster,other,2893,1019,1137,0.7074442738966088,0.7074442738966088
479,derchriskremer,travel,9771,510,1372,0.6998919675137689,0.6998919675137689
480,athehut,travel,2095,1321,5330,0.45295848782849496,0.45295848782849496
481,brightwhitewolf,fashion,3042,565,450,0.8193183983765348,0.8193183983765348
482,andreeabelc,family,1126,596,1833,0.6863266961467194,0.6863266961467194
483,_catpeterson,family,4399,45,448,0.7004465486039864,0.7004465486039864
484,emsheedy,travel,3869,645,664,0.5622149182669917,0.5622149182669917
485,aaron_and_gavin,family,1081,1060,353,0.7241369301506716,0.7241369301506716
486,danijackel,fashion,8607,965,363,0.48886497999448497,0.48886497999448497
487,elcin_mirzeyevofficiall,family,1708,91,298,0.41733895259318693,0.41733895259318693
488,figudam,travel,1272,1129,3843,0.325653920101213,0.325653920101213
489,andrewquo,fashion,22152,287,295,0.5277055959938297,0.5277055959938297
490,esmee.joyce,fashion,5144,1426,287,0.6944410414808768,0.6944410414808768
491,brezzacucina,food,3446,1001,582,0.6813241775994523,0.6813241775994523
492,chadner,travel,1765,555,1362,0.5224665536505229,0.5224665536505229
493,annawickell,fashion,3516,980,459,0.640832736354882,0.640832736354882
494,aromibistrot,food,1246,1116,611,0.6887238846634919,0.6887238846634919
495,delicately,fashion,1254,795,1022,0.6248455758111193,0.6248455758111193
496,fonsecadeivid,family,1552,3516,361,0.6054787474733986,0.6054787474733986
497,_victoriagutierrez,fashion,4391,1381,1064,0.5738558390670839,0.5738558390670839
498,casarose,family,1371,1172,1323,0.6417401836233475,0.6417401836233475
499,chelseygifford,other,1912,995,466,0.6262410903647996,0.6262410903647996
500,andrea_plebe,travel,1338,2346,657,0.6513086117789253,0.6513086117789253
501,_wildwobs,fashion,1709,495,248,0.6678160654408009,0.6678160654408009
502,alyssamopia,fashion,3858,2679,697,0.7173315826611367,0.7173315826611367
503,abbywoodwear,fashion,2740,1267,1252,0.6452100166970783,0.6452100166970783
504,24k,other,3497,262,7050,0.6589816553876087,0.6589816553876087
505,andreabennettink,food,1637,767,370,0.6426559208693621,0.6426559208693621
506,courtzmelv,fashion,1764,1835,1218,0.8225886062614898,0.8225886062614898
507,calebwallace,travel,4764,740,841,0.6377746194988567,0.6377746194988567
508,elimeshrewsbury,fashion,10821,585,373,0.7118271222315173,0.7118271222315173
509,darrik_brower,other,1242,855,554,0.7340120576540158,0.7340120576540158
510,cathykhu,food,1553,718,839,0.4954348779897099,0.4954348779897099
511,angusnelson,other,1523,1200,1502,0.6124128450891837,0.6124128450891837
512,danielalouisee,fashion,6440,958,419,0.5824367553009417,0.5824367553009417
513,brittneyfhughes,fashion,2845,1506,362,0.5534336746849885,0.5534336746849885
514,anoushkarava,travel,2901,606,518,0.7128058339350385,0.7128058339350385
515,celinecortess,other,1179,969,354,0.6709050695946667,0.6709050695946667
516,cpaynne,travel,2234,266,465,0.647133101673963,0.647133101673963
517,brandonpeebles,fashion,6188,1064,522,0.44764158341098137,0.44764158341098137
518,ay_kell_em,family,4766,2539,1615,0.7229301825124828,0.7229301825124828
519,clairesfootsteps,travel,3117,3006,918,0.6434129384804288,0.6434129384804288
520,crime.fraiche,beauty,1397,1166,1187,0.41344644721190144,0.41344644721190144
521,bethanyhopeyoung,family,6235,383,664,0.7140880511956896,0.7140880511956896
522,coastwilde,fashion,2540,2684,265,0.47452294113437576,0.47452294113437576
523,_rachelsander,family,6151,663,433,0.6521938574854322,0.6521938574854322
524,andreakelley,fashion,2635,290,1689,0.6739286216575557,0.6739286216575557
525,entre2escales,travel,2724,1091,512,0.6466309364258912,0.6466309364258912
526,_laurenestes_,fashion,7605,1269,346,0.48866824519657853,0.48866824519657853
527,annikenbyberg,fashion,6590,613,1314,0.6411250424235385,0.6411250424235385
528,dollygirma,fashion,6676,389,285,0.70543611271133,0.70543611271133
529,dan_stagen,travel,8389,564,402,0.4847213994073895,0.4847213994073895
530,comeonayleen,family,2339,623,396,0.7074121138792635,0.7074121138792635
531,cassandralrosen,food,1694,3832,371,0.5277110642394689,0.5277110642394689
532,danieljackthomas,fitness,4676,722,310,0.48861425456196156,0.48861425456196156
533,emmacatherineyt,fashion,10461,1289,575,0.668045880932698,0.668045880932698
534,cassiecothern,family,12339,1592,307,0.5212919646547918,0.5212919646547918
535,demiplaras,fashion,177452,134,300,0.6323491610726392,0.6323491610726392
536,bite_with_me,food,5520,970,465,0.7189841195936905,0.7189841195936905
537,chanellespivak,fashion,9926,2560,305,0.6639319350742993,0.6639319350742993
538,buckbetty,fashion,10012,294,310,0.5966322000775901,0.5966322000775901
539,annie__clark,family,73901,571,1247,0.5427776304265017,0.5427776304265017
540,beaeks,fashion,8580,746,807,0.580990453752232,0.580990453752232
541,brwn.skn,beauty,5726,433,602,0.6880258856103565,0.6880258856103565
542,derinadetosoye,fashion,3923,999,588,0.6057230282930767,0.6057230282930767
543,confessions_from_my_walk_in,fashion,1312,1205,365,0.6302792052745413,0.6302792052745413
544,edition.makeityourown,other,1258,210,360,0.5935404805027481,0.5935404805027481
545,blogistiana,fashion,2935,1226,1585,0.7089576302095212,0.7089576302095212
546,alicepmb,fashion,6758,543,338,0.6285410103400374,0.6285410103400374
547,evewithcamera,travel,3902,267,336,0.736109617853473,0.736109617853473
548,albertevedel,fashion,1828,728,336,0.5596304244919834,0.5596304244919834
549,adeloo,fashion,13605,6992,1060,0.6592401747449995,0.6592401747449995
550,carrie_pendle,fashion,2946,1964,847,0.7509710841302866,0.7509710841302866
551,atomicmamma,food,1273,1249,457,0.5106569245554063,0.5106569245554063
552,andrayatighe,fashion,6462,663,191,0.5545317880427724,0.5545317880427724
553,bartonbarnabe,fashion,5240,860,2465,0.4684994129822709,0.4684994129822709
554,brennakatlynlyons,family,1226,878,343,0.7808842521156976,0.7808842521156976
555,dan.krauss,fashion,1084,959,1409,0.6478904081193376,0.6478904081193376
556,emilieildstein,fashion,6742,468,275,0.7194139304699045,0.7194139304699045
557,bethanialocke,fashion,6013,518,302,0.4879019446512589,0.4879019446512589
558,ellyberryyy,food,2014,557,1148,0.534627537996996,0.534627537996996
559,emmapapanicolaou,fashion,11063,1112,366,0.6245446644837406,0.6245446644837406
560,christinamariefuentes,travel,2278,1205,443,0.5697086272193779,0.5697086272193779
561,betheplebeian,fashion,4036,244,621,0.7212646514576461,0.7212646514576461
562,beauty_informer,beauty,9823,729,329,0.633433482839213,0.633433482839213
563,celebratelifesadventures,travel,1472,495,569,0.6662184970174985,0.6662184970174985
564,capturinghappiness.co,fashion,5425,790,848,0.718477819917614,0.718477819917614
565,agoudalife,food,1227,1097,696,0.6627450275235188,0.6627450275235188
566,chaz_cheung,family,1650,1225,598,0.37461375191672697,0.37461375191672697
567,dile624,fashion,13178,97,300,0.7115579903144428,0.7115579903144428
568,drewphillips09,family,237352,422,542,0.28550559967781314,0.28550559967781314
569,brookemason,family,15717,1052,432,0.565528153127897,0.565528153127897
570,chrisflanell,fashion,2782,1759,1100,0.4839513178314308,0.4839513178314308
571,brittlathrece,fashion,4113,455,416,0.7191312991831841,0.7191312991831841
572,devonlynnm,family,3952,590,3137,0.7145953310804483,0.7145953310804483
573,edmaughan,travel,4356,587,447,0.6609817976985323,0.6609817976985323
574,bymorgantyler,beauty,1601,237,330,0.5830158701362037,0.5830158701362037
575,chabnabbit,other,1281,993,819,0.3692961346258709,0.3692961346258709
576,alyssacherise,fashion,3709,1617,409,0.7441051368119588,0.7441051368119588
577,btch,fashion,12564,102,1185,0.26142196379955623,0.26142196379955623
578,amethyh,fashion,1216,186,415,0.6101653532088261,0.6101653532088261
579,elinemacornelia_,travel,1506,834,533,0.5498218386889687,0.5498218386889687
580,diannadiamonds15,beauty,32054,159,373,0.580735231326998,0.580735231326998
581,_moni_angel_,fashion,8037,734,1735,0.6829880539655255,0.6829880539655255
582,birgittesn,beauty,6576,829,347,0.5306418095695293,0.5306418095695293
583,evieneedstoeat,food,12708,3095,310,0.6846550634330363,0.6846550634330363
584,diva.diana,fashion,5407,801,304,0.6534013114588487,0.6534013114588487
585,dannyratcliffe,other,5660,394,376,0.49642391448904255,0.49642391448904255
586,bymosegibrand,fashion,3095,1654,361,0.664543542781101,0.664543542781101
587,2themtn,travel,20797,870,684,0.7190640129259741,0.7190640129259741
588,ashleyfetchyshyn,fashion,4476,512,257,0.5326413624676053,0.5326413624676053
589,babastudios,other,1324,825,375,0.6868063930246268,0.6868063930246268
590,aleksandraxo_,fashion,6592,1114,632,0.6932501687864937,0.6932501687864937
591,amymarieblack,fashion,5125,719,2667,0.6899141018352489,0.6899141018352489
592,domfaucher,travel,6793,1822,544,0.6465178779707434,0.6465178779707434
593,bnewfield,travel,10711,1002,1271,0.5107769193353733,0.5107769193353733
594,andreakvarme,travel,2031,375,378,0.5894274866835338,0.5894274866835338
595,be.brittany,fashion,2030,731,459,0.6552309815420178,0.6552309815420178
596,choosey_d,fashion,3036,1689,1180,0.40083304199916553,0.40083304199916553
597,chewbaccasbarbie,fashion,7499,452,264,0.5731233179796972,0.5731233179796972
598,chloebartlett15,fashion,6180,990,385,0.7736396929822675,0.7736396929822675
599,bitesofvncvr,food,6964,710,298,0.604759787618617,0.604759787618617
600,bradley_perrine,fashion,1670,982,275,0.6496678620468309,0.6496678620468309
601,feliciamay00,fashion,8279,1083,325,0.6580109577181069,0.6580109577181069
602,britt_gardiner,fashion,11331,816,238,0.7021602260273824,0.7021602260273824
603,coatesallie,fashion,5738,2572,656,0.5994498220708664,0.5994498220708664
604,daywithnika,travel,4048,715,601,0.49616122870457985,0.49616122870457985
605,_michelleforpresident_,fitness,1408,189,606,0.6907079373818548,0.6907079373818548
606,actorkevintan,other,1994,879,1200,0.5544939819021318,0.5544939819021318
607,chefjulie_rd,food,3041,1461,761,0.7111817333645407,0.7111817333645407
608,allyleeholcomb,family,12821,995,250,0.5761570120050453,0.5761570120050453
609,certifiedpastryaficionado,food,1568,652,318,0.7180468676240782,0.7180468676240782
610,clombardiseijo,travel,2485,1078,216,0.5677782211478238,0.5677782211478238
611,erika.quesnel,fashion,5402,1190,361,0.6519496652797147,0.6519496652797147
612,carlytamara,travel,1136,924,832,0.7634681770816828,0.7634681770816828
613,ameliaa.lee,other,1103,948,1437,0.5518627131418725,0.5518627131418725
614,eggyeol,fashion,12083,554,462,0.5599429918572025,0.5599429918572025
615,bethanyannhamm,beauty,5201,213,424,0.6617961506746877,0.6617961506746877
616,festivalredhead,beauty,6230,410,350,0.622002247749991,0.622002247749991
617,alessiabertino,travel,4454,687,350,0.6952480681482863,0.6952480681482863
618,_violetbanks,fashion,3277,535,781,0.557022496492043,0.557022496492043
619,alichannie,fashion,3299,1207,657,0.6978242889597497,0.6978242889597497
620,brisbanegirlsabroad,travel,8668,1339,235,0.7356604717249384,0.7356604717249384
621,explorewright,travel,10257,362,332,0.6965495320653208,0.6965495320653208
622,beautifuleffort,family,1689,886,884,0.5957852283483485,0.5957852283483485
623,dancinghotdogs,other,1230,657,2771,0.7426514294559917,0.7426514294559917
624,brielle.cherie,fashion,7240,329,255,0.7392793248382433,0.7392793248382433
625,alejandras_days,fashion,5131,392,304,0.7904322295416454,0.7904322295416454
626,danielgonzaleziglesias,family,20572,427,600,0.6036926881127656,0.6036926881127656
627,alleyesongregormcewan,food,7028,159,387,0.6233609667692087,0.6233609667692087
628,beerboysadl,family,8498,200,325,0.5493469525484166,0.5493469525484166
629,anniitron,fashion,4365,380,484,0.6948672906704332,0.6948672906704332
630,being__her,fashion,23322,943,371,0.7359737192337902,0.7359737192337902
631,adaddyblog,family,1274,931,1119,0.5965628982016121,0.5965628982016121
632,celinebramsen,fashion,10628,1160,637,0.6678090309377722,0.6678090309377722
633,annanyanna,fashion,4183,666,1163,0.5585024791793141,0.5585024791793141
634,branzoid,other,2119,1219,512,0.6985202550439741,0.6985202550439741
635,beverly_lo_reign,travel,2306,596,519,0.6966454334153606,0.6966454334153606
636,engeltoio,other,1531,840,1054,0.5503691640057174,0.5503691640057174
637,dayanalsuarez,fashion,1197,666,352,0.6221083025533467,0.6221083025533467
638,claireratinon,travel,2333,323,601,0.5788524059367538,0.5788524059367538
639,dianamaracuja,fashion,10083,789,934,0.5107420962837241,0.5107420962837241
640,by__elle,fashion,15733,462,1026,0.7252332264077889,0.7252332264077889
641,_gaiotti_,travel,5118,426,477,0.429818362276739,0.429818362276739
642,aluckmann,travel,1335,799,358,0.7030519609944662,0.7030519609944662
643,fabuluch,fashion,15837,212,432,0.588254793891565,0.588254793891565
644,br00x13,food,10566,928,747,0.5547833095955244,0.5547833095955244
645,chantrikeele,family,2933,695,2038,0.608158899599822,0.608158899599822
646,alejandro__calvo,fashion,9963,996,260,0.6469225623779891,0.6469225623779891
647,asmammalek,fashion,9746,379,642,0.5766076810498909,0.5766076810498909
648,_moni.j_,family,1757,988,723,0.6914051714416475,0.6914051714416475
649,elisekvamme,family,2551,1049,1349,0.7609387238590759,0.7609387238590759
650,bendavisradio,family,5886,152,1603,0.43215177029190405,0.43215177029190405
651,c_granadoss,other,1010,800,404,0.36539353878962016,0.36539353878962016
652,eeaagle,fashion,29593,150,303,0.5348528192970952,0.5348528192970952
653,bycarlosroberto,fashion,12292,426,372,0.6887353871147743,0.6887353871147743
654,cindylou_,family,2934,1417,1257,0.6898569041916814,0.6898569041916814
655,cu_atthegym,fitness,2281,364,548,0.6617327766652245,0.6617327766652245
656,adritomato,family,1366,892,362,0.5474120565182156,0.5474120565182156
657,being_bettina,fashion,2343,1370,314,0.6611489681111137,0.6611489681111137
658,emilyjayneellis,fashion,8012,697,487,0.47321302094691886,0.47321302094691886
659,erictuckerradio,travel,2255,376,400,0.6574192564984135,0.6574192564984135
660,anorganisedmessblog,travel,1119,675,695,0.6991075994415394,0.6991075994415394
661,djkfish,other,1540,801,578,0.3689116928876741,0.3689116928876741
662,duckleary,other,3550,607,571,0.489107452131863,0.489107452131863
663,bakergatherer,food,4056,288,820,0.5550568422552408,0.5550568422552408
664,carlyforniakush,travel,2337,1989,450,0.6765318686459172,0.6765318686459172
665,alybivins,travel,11459,197,253,0.7250849420776269,0.7250849420776269
666,___juli_________,family,5038,751,554,0.4949403136530166,0.4949403136530166
667,bombshellwifelife,family,4117,567,1163,0.5638653088110284,0.5638653088110284
668,clarity_engel,fashion,28176,994,549,0.6790881853417825,0.6790881853417825
669,addilahazhar.official,family,1680,3087,439,0.5254928073140193,0.5254928073140193
670,dannysanco,travel,18624,1068,476,0.6895397084171624,0.6895397084171624
671,alicekings,fashion,4049,496,823,0.5850640387823951,0.5850640387823951
672,adelbarco,other,1024,2341,398,0.3543173487619216,0.3543173487619216
673,andreabysimone,fashion,4724,1502,863,0.7717041522910095,0.7717041522910095
674,florianahoff,fashion,8459,738,674,0.7175937088438002,0.7175937088438002
675,ashortblonde,family,3203,557,1056,0.5891737557503738,0.5891737557503738
676,facestm,fashion,3579,835,606,0.4777294656642629,0.4777294656642629
677,chiaraxcix,travel,1162,624,393,0.5625112050153637,0.5625112050153637
678,bytesizednutrition,food,3312,651,522,0.6671933134115259,0.6671933134115259
679,ambermiller9,fashion,9042,2206,323,0.584393335454599,0.584393335454599
680,elenaclaramaria,travel,16932,1315,465,0.5111818499087959,0.5111818499087959
681,dankipnis,fashion,21467,272,620,0.5249541761879097,0.5249541761879097
682,alexwhitt24,fashion,17087,1099,580,0.5808752885775693,0.5808752885775693
683,_sarahcurls,fashion,4147,872,326,0.7966623959261543,0.7966623959261543
684,city.whit,travel,2056,858,1018,0.6195849332746982,0.6195849332746982
685,emiliarengifo,fashion,19142,622,787,0.6270518920807369,0.6270518920807369
686,_tessfinley_,beauty,9769,1489,475,0.6355687069272357,0.6355687069272357
687,danisorianoblog,fashion,5449,1221,261,0.8141274599415782,0.8141274599415782
688,_celinamitc,fashion,1814,683,323,0.7955649534836742,0.7955649534836742
689,aliciaeverafter,family,6516,646,1924,0.7055743936418488,0.7055743936418488
690,basastevulova,family,18949,475,465,0.46584255216297593,0.46584255216297593
691,fabfindsforher,other,1271,1184,512,0.6753347943871216,0.6753347943871216
692,alexacarolinew,travel,2036,507,577,0.4564110357196517,0.4564110357196517
693,cheyennetulsa,fashion,11794,1420,419,0.602367141109313,0.602367141109313
694,amandascarpaci,fashion,2624,1920,962,0.5817795456597259,0.5817795456597259
695,andreaantequera,fashion,4352,996,381,0.5467622186973071,0.5467622186973071
696,checkoutmyfoodie,food,5688,349,727,0.7908608577377922,0.7908608577377922
697,astridnieuwborg,fashion,7758,1061,873,0.6454063808457503,0.6454063808457503
698,briantron,travel,2031,281,717,0.581772490511795,0.581772490511795
699,deefitz05,fitness,8592,869,550,0.5520607090985871,0.5520607090985871
700,caragonzales,fashion,2657,749,509,0.545738190954256,0.545738190954256
701,alanababyholiday,family,1574,805,1233,0.643334655500928,0.643334655500928
702,angelinaaelizabethh,fashion,10852,1533,375,0.5321468280823599,0.5321468280823599
703,ericmunson,fashion,8105,806,1286,0.6678567095962683,0.6678567095962683
704,dan.gariepy,travel,2865,741,724,0.548375093979126,0.548375093979126
705,aniekeme,fashion,4585,1458,1152,0.5826339441509818,0.5826339441509818
706,breomlette_,other,1909,954,426,0.3315998471513235,0.3315998471513235
707,fans4avril,fashion,3717,1568,397,0.498289227833684,0.498289227833684
708,bonimakeup,beauty,4856,780,384,0.6920015502688597,0.6920015502688597
709,alicemlopez,fashion,10282,1829,921,0.7451838205976422,0.7451838205976422
710,britt_hope,family,1265,1085,769,0.6441325890650188,0.6441325890650188
711,amanda_h_jones,fashion,9989,1441,1208,0.6512870029798609,0.6512870029798609
712,anathuerk,fashion,18966,777,406,0.6126199310065986,0.6126199310065986
713,bwhit,travel,12662,684,431,0.7354672103450518,0.7354672103450518
714,andmatthewsaid,fashion,1007,649,421,0.5643753437905507,0.5643753437905507
715,audio_cassette,other,1932,888,820,0.5241647037927244,0.5241647037927244
716,awesomemai,travel,19119,4156,404,0.5877886181710295,0.5877886181710295
717,anfori19,fashion,7434,698,580,0.6487365826484817,0.6487365826484817
718,alliemarieevans,fashion,116280,68,1033,0.5591591845376729,0.5591591845376729
719,conormccann,travel,38034,321,320,0.6598938321358897,0.6598938321358897
720,carlotagrandeb,fashion,6054,1019,350,0.5091396182185589,0.5091396182185589
721,clasophia,fashion,4696,496,313,0.8463742408338191,0.8463742408338191
722,esraeva,fashion,4451,1441,607,0.7287417547053016,0.7287417547053016
723,buildit.loveit.shareit,other,1334,2106,340,0.6395672958614924,0.6395672958614924
724,alldayshappiness,fashion,3577,339,368,0.820476206952123,0.820476206952123
725,conangray,family,402777,292,1027,0.5025072376023244,0.5025072376023244
726,blakeacres,fashion,3429,483,960,0.7794419805482736,0.7794419805482736
727,almapenelopeknight,family,1273,976,266,0.633742719818567,0.633742719818567
728,_jonasnordberg,travel,13052,482,224,0.705803888513968,0.705803888513968
729,elinakui,fashion,1078,454,1026,0.6297838357933443,0.6297838357933443
730,brixwork,other,1521,1259,314,0.6671911824690985,0.6671911824690985
731,aubrielynnmusic,fashion,3841,1925,389,0.6561285081989439,0.6561285081989439
732,ag_4allages,family,14994,467,763,0.6477490058281061,0.6477490058281061
733,allisonhoeller,fashion,22915,583,331,0.7045295509150016,0.7045295509150016
734,fcaligaris,beauty,1080,765,351,0.5524516391440474,0.5524516391440474
735,alessandrasfashion,fashion,2602,1000,1102,0.7052266989017709,0.7052266989017709
736,_minoes,fashion,5436,969,333,0.7690693656098977,0.7690693656098977
737,_jenstyle,travel,4868,1299,289,0.7722917803180234,0.7722917803180234
738,ctnoms,food,2590,348,497,0.5991934770685539,0.5991934770685539
739,anameliapolanco,fashion,9404,258,608,0.586211523591726,0.586211523591726
740,chanellealyssa,fashion,9354,366,658,0.721141941511291,0.721141941511291
741,acarltonmiller,fashion,5257,659,606,0.6454651779550924,0.6454651779550924
742,eatexploresf,travel,1826,452,924,0.733366855254203,0.733366855254203
743,alicemaypurkiss,travel,1372,1631,1410,0.6341053215706426,0.6341053215706426
744,briggieb101,fashion,5181,1447,1444,0.6625182588712344,0.6625182588712344
745,atlantiseye,travel,12722,713,1097,0.6907403539607587,0.6907403539607587
746,alinaasirbu,fashion,1425,618,577,0.6525888466802727,0.6525888466802727
747,andreamendi,fashion,17153,1547,558,0.6901128077193515,0.6901128077193515
748,erika_herbert,travel,1137,1482,532,0.6593761503412182,0.6593761503412182
749,bellatrisk,fashion,2654,1423,4074,0.5420101944330923,0.5420101944330923
750,courtneyxsd,beauty,3345,1412,802,0.4180391940283094,0.4180391940283094
751,a.dog.walks.into.a.bar,pet,1847,443,743,0.5991932286228461,0.5991932286228461
752,_hannahvance,fashion,10764,1168,991,0.6439173499558276,0.6439173499558276
753,adiecoles,fashion,4253,1169,635,0.7187144884288016,0.7187144884288016
754,farahomidi,fashion,6275,1502,991,0.6251467844392743,0.6251467844392743
755,autumnliggett,travel,3288,685,739,0.6997655858329128,0.6997655858329128
756,clarifigueredo,fashion,15940,776,457,0.597139931322836,0.597139931322836
757,bonnys_wonderland,beauty,1753,776,459,0.6450363026527723,0.6450363026527723
758,chiccaa_92,travel,15052,810,712,0.8067100504215886,0.8067100504215886
759,beverlypham,other,2239,1197,349,0.5885500927084436,0.5885500927084436
760,beautyacrosstheart,other,1401,562,407,0.4183485524565695,0.4183485524565695
761,abirousell,fashion,2890,725,727,0.6937421250145858,0.6937421250145858
762,fashionlingual,fashion,5336,788,1485,0.6957978053090026,0.6957978053090026
763,baldvinthormodsson,travel,1412,1035,985,0.40355707127178486,0.40355707127178486
764,christophertitone,other,12154,22,1024,0.42607334099434163,0.42607334099434163
765,bestsoylatte,fashion,1665,3465,3530,0.5882701736987545,0.5882701736987545
766,blakesummerlin,family,16235,635,752,0.536505210825796,0.536505210825796
767,ekredd,fashion,7457,4740,274,0.7298927742450837,0.7298927742450837
768,emmahjane,travel,1069,922,488,0.657826127912515,0.657826127912515
769,eleventhbeauty,fashion,2750,1270,505,0.6845770395415535,0.6845770395415535
770,banksesports,other,1079,859,846,0.6106477258057822,0.6106477258057822
771,chantel_hall,beauty,10944,1863,330,0.7448061184007403,0.7448061184007403
772,emilywakemanblog,fashion,15383,1317,408,0.6688029026306366,0.6688029026306366
773,_denisejoyce,food,1171,483,2358,0.622504673667005,0.622504673667005
774,denizgoksen,beauty,186063,236,596,0.49846228579672347,0.49846228579672347
775,crystal.cara,fashion,4141,1562,1091,0.7723659786641142,0.7723659786641142
776,b.eat.root,food,7102,935,339,0.7444894701052834,0.7444894701052834
777,court_gette,fashion,13327,185,417,0.5284923443531109,0.5284923443531109
778,aboodaj4_bjj,other,6717,913,489,0.6645769727730128,0.6645769727730128
779,father_of_djordje,travel,10105,2400,987,0.7153056422604783,0.7153056422604783
780,delaneytrione,other,1319,1135,1170,0.5623896894496201,0.5623896894496201
781,awaywithkatie,travel,1198,804,2060,0.5339790225488671,0.5339790225488671
782,castleha_,beauty,1299,304,273,0.6530518028080053,0.6530518028080053
783,candice.cheatwood,family,3535,2243,585,0.6516232249524616,0.6516232249524616
784,cameshagosha,other,1302,995,900,0.7228783056839355,0.7228783056839355
785,chloesvoyage,travel,3720,1424,476,0.7854483126692937,0.7854483126692937
786,dado_motta,other,1176,425,439,0.47299419599585235,0.47299419599585235
787,elmelling,travel,2170,1361,593,0.6812835879485477,0.6812835879485477
788,christianstonesc,travel,12653,206,273,0.7039549287030726,0.7039549287030726
789,amyspartyideas,food,2729,318,368,0.710472196243631,0.710472196243631
790,allierick,fashion,8586,2099,461,0.7196444088264581,0.7196444088264581
791,dopensteez,fashion,17443,1047,3701,0.71119948478142,0.71119948478142
792,alizeebidou,fashion,2689,646,406,0.603923677215394,0.603923677215394
793,errtie,food,3023,152,769,0.5839492413263018,0.5839492413263018
794,ad__photography,fashion,1666,918,775,0.6624612624635173,0.6624612624635173
795,fashionbeforefunction,fashion,10538,2213,1816,0.7771538877390258,0.7771538877390258
796,barbaralustoza,other,1678,1377,600,0.6740151112938167,0.6740151112938167
797,dieetwasanderejuristin,other,2107,200,424,0.4325977396726293,0.4325977396726293
798,fernandocastaneda,travel,3475,578,999,0.6523620082331825,0.6523620082331825
799,anniejoankind,travel,7889,1744,429,0.7137725786903015,0.7137725786903015
800,emhewitt_,fashion,5274,2295,1043,0.7334246897279898,0.7334246897279898
801,emmamattssonn,travel,4066,1001,364,0.6716368145003975,0.6716368145003975
802,fabmommablog,family,1479,733,702,0.6715285345072087,0.6715285345072087
803,evelyn_song,other,3397,542,462,0.47731409920546664,0.47731409920546664
804,alieradici_instamamme,travel,1469,2342,2907,0.4690630505491983,0.4690630505491983
805,_xo_juliana_,fashion,4105,855,305,0.7008023349485265,0.7008023349485265
806,drew.furr,travel,1095,564,1178,0.48927762412853787,0.48927762412853787
807,chicfashionista247,fashion,1034,215,281,0.6923462795013795,0.6923462795013795
808,dutchfashion_,fashion,32639,117,1413,0.3730469113296896,0.3730469113296896
809,fashionicide,beauty,10828,720,1465,0.7498442090330556,0.7498442090330556
810,andrew_gook,travel,22302,562,345,0.6198020804139189,0.6198020804139189
811,brittanyinwanderland,fashion,10843,6578,1336,0.6424868330521897,0.6424868330521897
812,diehard.diva,other,3061,1329,427,0.6746073970577627,0.6746073970577627
813,ayleenvalentic,fashion,2210,441,499,0.8418527058044034,0.8418527058044034
814,faithwillyams,family,5177,993,952,0.6991808273926179,0.6991808273926179
815,destinymoniz,family,9091,941,660,0.6035492762529923,0.6035492762529923
816,avajules_,fashion,295208,191,250,0.6358434919256281,0.6358434919256281
817,dont___miss_the_shot__,other,1360,1882,961,0.5772455614535261,0.5772455614535261
818,emmibee,other,4296,2637,1217,0.7319262090312487,0.7319262090312487
819,_alexdavidson,fashion,4535,735,285,0.6184401326438568,0.6184401326438568
820,doseoftravel,travel,4131,1234,2197,0.6675623512883874,0.6675623512883874
821,carlyincontro,family,390497,737,1187,0.3581565453544156,0.3581565453544156
822,ashleyundead,other,2948,213,1119,0.5802207133375354,0.5802207133375354
823,aleexweb,fashion,6426,428,381,0.698077473154035,0.698077473154035
824,annemarieamber,fashion,10678,712,346,0.7770600276625161,0.7770600276625161
825,courtneymelahn,other,3713,962,1377,0.4885641752784603,0.4885641752784603
826,buddygursky,pet,3258,98,425,0.5414116503663031,0.5414116503663031
827,arepopsblog,family,1338,1324,442,0.505861652163424,0.505861652163424
828,alanaahewitt,beauty,9346,1245,274,0.7777811479531315,0.7777811479531315
829,cristina_ferro,travel,6343,7140,876,0.733974294725366,0.733974294725366
830,asesabordo,travel,3673,1272,397,0.6375117868288668,0.6375117868288668
831,emroseedavies,fitness,84292,569,358,0.6155110249503484,0.6155110249503484
832,angiestarphoto,travel,3366,6035,2219,0.6664020198901353,0.6664020198901353
833,ashleyconner12,travel,2815,1011,767,0.587962592401553,0.587962592401553
834,btcalgary,family,4932,361,1148,0.5798338381531813,0.5798338381531813
835,culture_hair_products,beauty,3040,2258,454,0.5839044925558134,0.5839044925558134
836,ajourneyeast_,fashion,3998,960,1272,0.618413540034236,0.618413540034236
837,classiccatherineblog,family,1435,924,1111,0.7641485466080208,0.7641485466080208
838,anatrujic,family,5080,728,667,0.7843198461962338,0.7843198461962338
839,diegorule,travel,6493,3198,304,0.35981555425334427,0.35981555425334427
840,andreawr,fashion,6019,737,656,0.6879886010880407,0.6879886010880407
841,drew.j,other,1922,2155,451,0.46577399283427684,0.46577399283427684
842,bostezando_sonrisas,fashion,2525,222,716,0.7993336159756109,0.7993336159756109
843,_stepht,other,1092,2099,1297,0.665827325144083,0.665827325144083
844,findingalexx,travel,10817,699,491,0.6924051201436373,0.6924051201436373
845,annina_anastasia,fashion,20533,409,259,0.7315977751474291,0.7315977751474291
846,derektice,travel,30274,757,468,0.629113186628386,0.629113186628386
847,clara_astori,travel,9874,295,556,0.7343012649563242,0.7343012649563242
848,calitandrea,other,1218,957,622,0.5581728522204075,0.5581728522204075
849,anniegpyle,fashion,2824,974,1292,0.7258533292461963,0.7258533292461963
850,bucketlistbelles,fashion,12561,1633,558,0.7394908326138857,0.7394908326138857
851,crownbodai,other,1449,966,506,0.4958747106231867,0.4958747106231867
852,aya_kakuchan,fashion,2053,305,634,0.7003218484655973,0.7003218484655973
853,dariajazmin,family,3642,391,2645,0.6629192846923396,0.6629192846923396
854,adukeschulist,family,2077,1344,711,0.6634699523825345,0.6634699523825345
855,audelielavoie,travel,6773,941,323,0.5822762046986768,0.5822762046986768
856,aboutthatlookmag,fashion,6981,263,971,0.7882737190644165,0.7882737190644165
857,caitibee,fashion,4684,1001,1297,0.5528471744091566,0.5528471744091566
858,amygatenbyy,fashion,6532,1836,818,0.7026611741826787,0.7026611741826787
859,elletrowbridge,beauty,76185,899,318,0.6065561208125766,0.6065561208125766
860,chanelxevans,fashion,13443,424,340,0.44334441087756077,0.44334441087756077
861,curlyniquenique,beauty,4392,283,332,0.5902811482894703,0.5902811482894703
862,feast_on,food,4049,603,929,0.6822129562036814,0.6822129562036814
863,derkleinekompass,fashion,1611,327,632,0.7360040025759271,0.7360040025759271
864,_joestyles,fashion,2784,2519,311,0.5139521924143468,0.5139521924143468
865,dantesdivinewoof,pet,19005,642,256,0.647720787182705,0.647720787182705
866,_wildundwunderbar_,family,7262,287,569,0.7536599148474071,0.7536599148474071
867,catpizzas,other,1086,661,420,0.37574676322721196,0.37574676322721196
868,cellequilvousfaut,fashion,3197,491,735,0.7470372889457662,0.7470372889457662
869,bisous.fee,fashion,4622,966,316,0.7049652044984178,0.7049652044984178
870,destinykohlman,family,4373,809,333,0.7535772515030198,0.7535772515030198
871,eatingupmanchester,food,13647,97,551,0.41970993283051833,0.41970993283051833
872,camillefilledavril,fashion,2093,961,1635,0.687349194250571,0.687349194250571
873,ellaamil,fashion,4548,139,1959,0.6024787489168413,0.6024787489168413
874,chantelle.aaa,family,11823,422,949,0.6674954834663261,0.6674954834663261
875,affaf,fashion,724350,278,314,0.45366182344090483,0.45366182344090483
876,emiliatuukkanen,fashion,17447,221,1356,0.6076882319543337,0.6076882319543337
877,conversant_traveller,travel,2803,934,254,0.7021387767887581,0.7021387767887581
878,fazaa3_633,travel,12773,3127,1326,0.7009449440800278,0.7009449440800278
879,allycaple,other,1148,1280,4549,0.5349015928477967,0.5349015928477967
880,apocketfulofpolkadots,fashion,3715,468,944,0.7670038856974499,0.7670038856974499
881,_sparnold_,fashion,9996,981,363,0.6512242518575695,0.6512242518575695
882,anothervancityfoodie,food,12535,867,308,0.6060542639051393,0.6060542639051393
883,claudiapenetra,travel,1377,1094,537,0.6543809940330657,0.6543809940330657
884,emilialehti,fashion,1030,622,1221,0.7373545336642379,0.7373545336642379
885,christinartnd,fashion,7607,369,4134,0.6597964986306207,0.6597964986306207
886,_denniskoehler_,travel,7786,887,583,0.6389802322816206,0.6389802322816206
887,cazrellim,fitness,18073,262,2062,0.5336297168742642,0.5336297168742642
888,___basquiat,other,1546,106,372,0.4364763177582063,0.4364763177582063
889,_vanc__,travel,3333,3446,322,0.5252795054893831,0.5252795054893831
890,awefilledhomemaker,other,2137,808,820,0.5100359847643949,0.5100359847643949
891,figleafandco,fashion,2034,1261,244,0.7538603247112537,0.7538603247112537
892,bonniecurryonair,family,1174,831,499,0.6082484691895041,0.6082484691895041
893,brittanychadwick,family,2926,990,282,0.6615137761630022,0.6615137761630022
894,1beautiful_t,fashion,9567,607,766,0.5881042268564405,0.5881042268564405
895,butterscotchxqueen,family,3844,894,325,0.6130968895126188,0.6130968895126188
896,cringeline,travel,2399,496,372,0.7655994646743329,0.7655994646743329
897,christinapatricedance,family,1178,1032,1568,0.6022883555244604,0.6022883555244604
898,cjmaddock,travel,4611,831,528,0.678042056258494,0.678042056258494
899,19dreamcatcherz,fashion,1523,1685,2090,0.5928273852205443,0.5928273852205443
900,alexfuerst.de,other,1012,327,292,0.5957644561958205,0.5957644561958205
901,annassjostrom,food,2097,337,417,0.6504976339638233,0.6504976339638233
902,christinaeileen,fashion,15375,1207,414,0.5832047641187071,0.5832047641187071
903,adalineandme,family,12883,465,761,0.719398807285107,0.719398807285107
904,ajjasjay,food,2332,95,420,0.30825614136002594,0.30825614136002594
905,carneljohnyeup,other,2621,1146,398,0.4576631303601003,0.4576631303601003
906,caitlinstewart_xo,fashion,3730,597,182,0.5305957376517009,0.5305957376517009
907,eduardokropf,travel,2726,420,638,0.5719835431612247,0.5719835431612247
908,flywithpoppy,travel,1467,861,1489,0.5257644782119355,0.5257644782119355
909,elsaasiah,fashion,5017,531,443,0.5026651839039267,0.5026651839039267
910,alexcookiewook,fashion,4495,2031,1186,0.5384694048783918,0.5384694048783918
911,agnesgrundahl,fashion,12521,453,345,0.39522571473059515,0.39522571473059515
912,ajthetechnologist,food,1121,815,312,0.5494430693312703,0.5494430693312703
913,bkuss89,fitness,2425,348,881,0.5902939164837065,0.5902939164837065
914,acefaceismyfriend,family,5948,616,770,0.7189200962147767,0.7189200962147767
915,andrealenovo,fashion,13326,1349,702,0.5138681859401408,0.5138681859401408
916,andrewknisley,other,2132,509,1434,0.5997033773382304,0.5997033773382304
917,chasquigirl,family,4083,1076,490,0.547227284119696,0.547227284119696
918,bad_to_the_bonebroth,food,2043,813,329,0.6696440647330056,0.6696440647330056
919,bostonsgoldenboy,pet,1775,1503,531,0.6054976560717636,0.6054976560717636
920,annayanta,food,1063,1166,1124,0.6966622721315949,0.6966622721315949
921,elisabethvda,fashion,8610,681,421,0.6509108321383125,0.6509108321383125
922,daria__kiss,fashion,3982,346,355,0.6429554716345957,0.6429554716345957
923,blairita,family,4520,471,1337,0.6053928064081627,0.6053928064081627
924,brianneworth,fashion,25624,477,628,0.4994028250757636,0.4994028250757636
925,ashleemajormoss,fitness,4977,640,343,0.6059848269635956,0.6059848269635956
926,angelapiacampa,travel,3449,1080,537,0.7942744768196088,0.7942744768196088
927,annamcnaughty,travel,102333,1369,484,0.6827092197670608,0.6827092197670608
928,daydeluna,fashion,11115,1356,433,0.7715216134837956,0.7715216134837956
929,cassiecocoa,fashion,7532,580,564,0.6193609414671535,0.6193609414671535
930,aurrou,travel,9845,999,430,0.6792696710651509,0.6792696710651509
931,cookingwithmissfiora,food,5751,2005,289,0.7799254665749794,0.7799254665749794
932,aw_royal,family,10006,128,1124,0.7510904410841823,0.7510904410841823
933,anastasiarice,other,2835,1090,319,0.5920938577763125,0.5920938577763125
934,felicialudwigsson,travel,5183,588,919,0.6270930225380559,0.6270930225380559
935,eitanathalya,beauty,2107,985,478,0.5438738714755587,0.5438738714755587
936,anna_farano_,travel,2134,673,414,0.615191225625599,0.615191225625599
937,alwayspangra,fashion,1253,1022,732,0.6405290005290517,0.6405290005290517
938,ccourtneyhill,fashion,13557,752,325,0.7346117160757716,0.7346117160757716
939,elimx,travel,1145,844,544,0.741752589632737,0.741752589632737
940,aboutfacephilly,other,2265,294,766,0.4643274051785719,0.4643274051785719
941,fennellalikewhoa,fashion,11431,3271,429,0.6245830537291881,0.6245830537291881
942,akala101,family,1486,3701,459,0.5736717364440361,0.5736717364440361
943,elenapop.ro,fashion,3747,975,927,0.682351942388944,0.682351942388944
944,babymeia,fashion,304095,195,1332,0.34462733993597416,0.34462733993597416
945,emmafortin14,fashion,52608,218,548,0.6067656380631999,0.6067656380631999
946,floriankaps,fashion,22203,684,1594,0.5862817977214545,0.5862817977214545
947,embersbeneathme,fashion,3049,2151,750,0.8107231539698257,0.8107231539698257
948,beckyknightx,fitness,1007,764,986,0.4700247509940945,0.4700247509940945
949,d.r.e.a.m_official,other,2609,2,355,0.5021355774640386,0.5021355774640386
950,aforteforfashion,fashion,2948,1379,1553,0.6885999080214523,0.6885999080214523
951,brookepender,fashion,5033,775,580,0.7578942042450718,0.7578942042450718
952,ami__yone,fashion,9646,339,323,0.48224542688645117,0.48224542688645117
953,alexcellenthealth,food,10884,352,651,0.7069426742990158,0.7069426742990158
954,cdarin100,fashion,10523,1656,436,0.4719951056371757,0.4719951056371757
955,carissa_hills,fashion,1909,670,1322,0.7065642593821316,0.7065642593821316
956,fatigarzam,fashion,12384,862,670,0.6749460311338495,0.6749460311338495
957,ameliexmartin,fashion,5507,611,1099,0.620050758998018,0.620050758998018
958,colorfulcurves,fashion,7417,299,294,0.7639110219377507,0.7639110219377507
959,emilie_bruun,beauty,4268,942,1002,0.7197227635094031,0.7197227635094031
960,fefakuniyoshi,beauty,8131,691,686,0.6069509212526075,0.6069509212526075
961,belmelange,fashion,12257,1849,605,0.806969571294119,0.806969571294119
962,darjas_welt,family,2309,2258,610,0.6671653246524805,0.6671653246524805
963,brentdougherty3hl,other,1829,319,851,0.43251981793703936,0.43251981793703936
964,brookesouza,fashion,11296,571,235,0.6725446571293593,0.6725446571293593
965,____mamamia____,family,6854,514,892,0.40936204581039415,0.40936204581039415
966,followmeawaytravel,travel,43212,2820,289,0.7169143588893019,0.7169143588893019
967,folks_of_europe,travel,8815,817,189,0.8064979912247152,0.8064979912247152
968,baylorlariat,other,2368,196,855,0.39609838908771056,0.39609838908771056
969,exploringwithcody,travel,38908,204,761,0.5776385624606183,0.5776385624606183
970,briannguyen,travel,35070,420,623,0.6298126283236833,0.6298126283236833
971,danimorlop,fashion,56319,994,872,0.6443114633543402,0.6443114633543402
972,alissamosss,fashion,19571,917,795,0.5990245757557155,0.5990245757557155
973,eugeniodlgza,fashion,12855,531,1815,0.5363685722013453,0.5363685722013453
974,andromxda,other,1514,802,740,0.43038037076089897,0.43038037076089897
975,catjas,family,6218,483,381,0.7388544826070739,0.7388544826070739
976,cherry_timato,food,10296,259,448,0.6527513386195362,0.6527513386195362
977,_emilyhuff,fashion,188017,13,391,0.37300876391894183,0.37300876391894183
978,almamicic,other,1075,941,753,0.5830670362259631,0.5830670362259631
979,anadventurousworld,travel,9314,571,719,0.748152701159626,0.748152701159626
980,aitaxopistaxo,fashion,16217,275,1297,0.503973752081228,0.503973752081228
981,dianadoll,beauty,1870,1066,273,0.6532451009341752,0.6532451009341752
982,bedros_gesaratsian,other,2089,478,387,0.6947837614734775,0.6947837614734775
983,danahiabaileyhill,family,5310,1565,391,0.7282848836001558,0.7282848836001558
984,dougiejoseph,fashion,33830,1363,559,0.45414562859635244,0.45414562859635244
985,evanburristrout,other,1562,968,456,0.5933406745459543,0.5933406745459543
986,ericabaxterschott,family,11802,344,766,0.6825264270930221,0.6825264270930221
987,dettaglidisilvia,food,11331,1181,343,0.8161387644367736,0.8161387644367736
988,courtneyannstudio,fashion,4667,834,1173,0.7369515668586131,0.7369515668586131
989,emily.j.odonnell,fashion,28700,946,973,0.46089801664207297,0.46089801664207297
990,erikanicolelong,family,8680,2425,868,0.6491205182736705,0.6491205182736705
991,_surrules,family,23359,254,452,0.4190732231808361,0.4190732231808361
992,bobsupersage,fashion,4044,728,584,0.6485286475047531,0.6485286475047531
993,benjamin_eio,food,3263,999,1644,0.5695205082946949,0.5695205082946949
994,bettinanem,other,1339,565,404,0.5819044010580013,0.5819044010580013
995,antiwheatgirl,food,1586,1006,594,0.5079674877258761,0.5079674877258761
996,dancelizz,fashion,3322,769,930,0.6334322957380305,0.6334322957380305
997,dupattadiaries,family,34460,133,562,0.3724769532539501,0.3724769532539501
998,ben.wurmser,travel,11130,857,773,0.5784245741829435,0.5784245741829435
999,amburbrown,beauty,4121,853,307,0.6705133974011692,0.6705133974011692
1000,fabiozerzuben,travel,8476,215,480,0.7255630988951944,0.7255630988951944
