influencer_name,JSON_PostMetadata,Image_files
_gabrielferrier,1644174172706186581.info,1644174172706186581.jpg
_gabrielferrier,1646381253412692323.info,1646381253412692323.jpg
_gabrielferrier,1647365878783953820.info,1647365878783953820.jpg
_gabrielferrier,1648009305964137006.info,1648009305964137006.jpg
_gabrielferrier,1650051257391803436.info,1650051257391803436.jpg
_gabrielferrier,1652104612427524091.info,1652104612427524091.jpg
_gabrielferrier,1653087833973755433.info,1653087833973755433.jpg
_gabrielferrier,1653850710804520653.info,1653850710804520653.jpg
_gabrielferrier,1654351070065165612.info,1654351070065165612.jpg
_gabrielferrier,1654959890957281040.info,1654959890957281040.jpg
abanna_yoga_art,1669084508353295609.info,1669084508353295609.jpg
abanna_yoga_art,1670553129822753492.info,1670553129822753492.jpg
abanna_yoga_art,1674158126520909966.info,1674158126520909966.jpg
abanna_yoga_art,1676325729539112631.info,1676325729539112631.jpg
abanna_yoga_art,1680674704110924203.info,1680674704110924203.jpg
abanna_yoga_art,1681360930598213124.info,1681360930598213124.jpg
abanna_yoga_art,1682040965445365023.info,1682040965445365023.jpg
almafied,1482998580365285908.info,1482998580365285908.jpg
almafied,1483468507870238888.info,1483468507870238888.jpg
almafied,1484503756041425072.info,"1484499748946171316.jpg, 1484499758853117985.jpg, 1484499786644553594.jpg, 1484499787365821087.jpg, 1484499806080986542.jpg, 1484499813806768273.jpg, 1484499814813273871.jpg, 1484499834652543969.jpg, 1484499850984991920.jpg, 1484499857754555344.jpg"
almafied,1485882420503033776.info,1485882420503033776.jpg
almafied,1487178735468013917.info,1487178735468013917.jpg
almafied,1488001509056961292.info,1488001509056961292.jpg
almafied,1488521323043206457.info,1488521323043206457.jpg
almafied,1492261363728730036.info,1492261363728730036.jpg
almafied,1493767763797507876.info,1493767763797507876.jpg
almafied,1496541476989224368.info,1496541476989224368.jpg
amysoub,1571188820971728323.info,1571188820971728323.jpg
amysoub,1571787951427691713.info,1571787951427691713.jpg
amysoub,1572518120069115088.info,1572518120069115088.jpg
amysoub,1573247637628808619.info,1573247637628808619.jpg
amysoub,1573983431972620271.info,1573983431972620271.jpg
amysoub,1574709340090503408.info,1574709340090503408.jpg
amysoub,1575439995397027457.info,1575439995397027457.jpg
amysoub,1576156433959248366.info,1576156433959248366.jpg
amysoub,1576873332619698479.info,1576873332619698479.jpg
amysoub,1577622037660549511.info,1577622037660549511.jpg
anisaartistry,1417812478474465734.info,1417812478474465734.jpg
anisaartistry,1423336474544467544.info,1423336474544467544.jpg
anisaartistry,1429420784951464447.info,1429420784951464447.jpg
anisaartistry,1434509653463807450.info,1434509653463807450.jpg
anisaartistry,1435989089375809494.info,1435989089375809494.jpg
anisaartistry,1436393376904037487.info,1436393376904037487.jpg
anisaartistry,1439538883696504211.info,1439538883696504211.jpg
anisaartistry,1443908040856652234.info,1443908040856652234.jpg
anisaartistry,1445399142201619232.info,1445399142201619232.jpg
anisaartistry,1448358052411948625.info,1448358052411948625.jpg
asassyspoon,1532724787418428619.info,1532724787418428619.jpg
asassyspoon,1534166191084494261.info,1534166191084494261.jpg
asassyspoon,1534946240586883019.info,1534946240586883019.jpg
asassyspoon,1535783314202420197.info,1535783314202420197.jpg
asassyspoon,1536629150306266395.info,1536629150306266395.jpg
asassyspoon,1537031159765258817.info,1537031159765258817.jpg
asassyspoon,1537770522681628111.info,1537770522681628111.jpg
asassyspoon,1537897218797851650.info,1537897218797851650.jpg
asassyspoon,1540900681014231892.info,1540900681014231892.jpg
asassyspoon,1541492571405187355.info,1541492571405187355.jpg
atter.cliffe,1437170559087346956.info,1437170559087346956.jpg
atter.cliffe,1437908436054211772.info,1437908436054211772.jpg
atter.cliffe,1439381939324604494.info,1439381939324604494.jpg
atter.cliffe,1444444133053454415.info,1444444133053454415.jpg
atter.cliffe,1445191117725031327.info,1445191117725031327.jpg
atter.cliffe,1448842002187653780.info,1448842002187653780.jpg
atter.cliffe,1450185007255337170.info,1450185007255337170.jpg
atter.cliffe,1451719981917061169.info,1451719981917061169.jpg
atter.cliffe,1452392540962619682.info,1452392540962619682.jpg
atter.cliffe,1458806867974192551.info,1458806867974192551.jpg
aubrey.and.bentley,1551639999770693946.info,"1551639142832456762.jpg, 1551639166060535787.jpg, 1551639176420473573.jpg"
aubrey.and.bentley,1552368665618153754.info,1552368665618153754.jpg
aubrey.and.bentley,1552369753519904947.info,1552369753519904947.jpg
aubrey.and.bentley,1552437589959727202.info,1552437589959727202.jpg
aubrey.and.bentley,1552876962691646274.info,1552876962691646274.jpg
aubrey.and.bentley,1555062796001754482.info,"1555061749271482286.jpg, 1555061767206275768.jpg"
aubrey.and.bentley,1556057317951022804.info,1556057317951022804.jpg
aubrey.and.bentley,1556742235857186453.info,1556742235857186453.jpg
aubrey.and.bentley,1556761093506785438.info,1556761093506785438.jpg
aubrey.and.bentley,1556762432630617162.info,1556762432630617162.jpg
belmelange,1504589558858352664.info,1504589558858352664.jpg
belmelange,1509563414412955253.info,1509563414412955253.jpg
belmelange,1510774968407873141.info,1510774968407873141.jpg
belmelange,1515208352056120321.info,1515208352056120321.jpg
belmelange,1515858114371442916.info,1515858114371442916.jpg
belmelange,1525353536550864579.info,1525353536550864579.jpg
belmelange,1533243393923185537.info,1533243393923185537.jpg
belmelange,1533583097860435946.info,1533583097860435946.jpg
belmelange,1536995196368132828.info,1536995196368132828.jpg
belmelange,1548567517570539415.info,1548567517570539415.jpg
berethar,1614587067144013726.info,1614587067144013726.jpg
berethar,1616845417378386004.info,1616845417378386004.jpg
berethar,1619403096986662284.info,1619403096986662284.jpg
berethar,1620960926210419200.info,1620960926210419200.jpg
berethar,1621880793901840808.info,1621880793901840808.jpg
berethar,1623345200280556587.info,1623345200280556587.jpg
berethar,1624439549189703263.info,1624439549189703263.jpg
berethar,1626750229414759587.info,1626750229414759587.jpg
berethar,1628072315324394693.info,1628072315324394693.jpg
berethar,1629675964743942950.info,1629675964743942950.jpg
bowwow_bauer_thegolden,1642341370793662835.info,1642341370793662835.jpg
bowwow_bauer_thegolden,1642986870513371755.info,1642986870513371755.jpg
bowwow_bauer_thegolden,1643248990152962656.info,1643248990152962656.jpg
bowwow_bauer_thegolden,1644465880628075286.info,1644465880628075286.jpg
bowwow_bauer_thegolden,1645116838211059109.info,1645116838211059109.jpg
bowwow_bauer_thegolden,1646877641767520719.info,1646877641767520719.jpg
bowwow_bauer_thegolden,1647224320194628940.info,1647224320194628940.jpg
bowwow_bauer_thegolden,1649580950471103707.info,1649580950471103707.jpg
bowwow_bauer_thegolden,1650415722722248645.info,1650415722722248645.jpg
bowwow_bauer_thegolden,1652291970964692442.info,1652291970964692442.jpg
brimoysa,1649706112662664826.info,1649706112662664826.jpg
brimoysa,1651890675040365533.info,1651890675040365533.jpg
brimoysa,1654041339379997564.info,1654041339379997564.jpg
brimoysa,1654682582057457224.info,1654682582057457224.jpg
brimoysa,1656028903695603962.info,1656028903695603962.jpg
brimoysa,1656974933031210014.info,1656974933031210014.jpg
brimoysa,1658416283698306451.info,1658416283698306451.jpg
brimoysa,1659136971426324460.info,1659136971426324460.jpg
brimoysa,1660617926497832727.info,1660617926497832727.jpg
brimoysa,1663479020472117827.info,1663479020472117827.jpg
daphne_the_longhair,1613919796646906745.info,1613919796646906745.jpg
daphne_the_longhair,1614646071078515887.info,1614646071078515887.jpg
daphne_the_longhair,1614769442370005836.info,1614769442370005836.jpg
daphne_the_longhair,1615442085066752779.info,1615442085066752779.jpg
daphne_the_longhair,1615541646745487042.info,1615541646745487042.jpg
daphne_the_longhair,1616093206789608591.info,1616093206789608591.jpg
daphne_the_longhair,1616198959034718337.info,1616198959034718337.jpg
daphne_the_longhair,1616818807204955667.info,1616818807204955667.jpg
daphne_the_longhair,1617546141679716921.info,1617546141679716921.jpg
daphne_the_longhair,1617704216759789103.info,1617704216759789103.jpg
deshaunsmrk_,1622535176219153072.info,1622535176219153072.jpg
deshaunsmrk_,1622937220566290258.info,1622937220566290258.jpg
deshaunsmrk_,1623300370704824449.info,1623300370704824449.jpg
deshaunsmrk_,1624271830206188678.info,1624271830206188678.jpg
deshaunsmrk_,1624632602023246055.info,1624632602023246055.jpg
deshaunsmrk_,1625162337593842310.info,1625162337593842310.jpg
deshaunsmrk_,1625496977026258148.info,1625496977026258148.jpg
deshaunsmrk_,1625498309103574232.info,1625498309103574232.jpg
deshaunsmrk_,1625628631967274774.info,1625628631967274774.jpg
deshaunsmrk_,1626253890345225336.info,1626253890345225336.jpg
dieserkonter,1618180820101953891.info,"1618180373693717685.jpg, 1618180386914075889.jpg, 1618180402173106894.jpg, 1618180407952844538.jpg, 1618180409647292593.jpg, 1618180409697527400.jpg"
dieserkonter,1618942363563428506.info,"1618942195480736219.jpg, 1618942200102800460.jpg, 1618942207275288981.jpg, 1618942216217516769.jpg, 1618942217215677576.jpg, 1618942221468729405.jpg, 1618942224354430308.jpg"
dieserkonter,1620205950214859837.info,"1620205686737062123.jpg, 1620205688280568151.jpg, 1620205688934868647.jpg, 1620205691703029724.jpg, 1620205692827158316.jpg"
dieserkonter,1620973773564290266.info,"1620973269861953188.jpg, 1620973284885943425.jpg, 1620973302569159939.jpg, 1620973305916090387.jpg, 1620973327558650715.jpg, 1620973330486506543.jpg, 1620973330545127087.jpg"
dieserkonter,1621784064971680036.info,"1621783763845873378.jpg, 1621783786528553067.jpg, 1621783827792019254.jpg, 1621783827792222181.jpg, 1621783834452668259.jpg"
dieserkonter,1622507008136050113.info,"1622506239865209692.jpg, 1622506240444066444.jpg, 1622506256793388977.jpg, 1622506259133970963.jpg"
dieserkonter,1623277609540697467.info,"1623277510966151543.jpg, 1623277532499819348.jpg, 1623277535284898716.jpg, 1623277540922000011.jpg, 1623277542289291644.jpg"
dieserkonter,1624690777135529388.info,"1624689990955360224.jpg, 1624690020827220984.jpg, 1624690083288705894.jpg, 1624690084110679540.jpg"
dieserkonter,1626028456226005793.info,"1626028416489080440.jpg, 1626028428568809547.jpg, 1626028440086328613.jpg, 1626028447795419174.jpg, 1626028449011848040.jpg"
dieserkonter,1626852349065018222.info,"1626849300292557652.jpg, 1626849318697102433.jpg, 1626849323352824362.jpg, 1626849335172328202.jpg, 1626849338888522796.jpg"
easyfamilyrecipes,1643104918502716504.info,1643104918502716504.jpg
easyfamilyrecipes,1646041550021209476.info,1646041550021209476.jpg
easyfamilyrecipes,1646752931225953236.info,1646752931225953236.jpg
easyfamilyrecipes,1647426342184935573.info,1647426342184935573.jpg
easyfamilyrecipes,1648182002010948921.info,1648182002010948921.jpg
easyfamilyrecipes,1651791167501609343.info,1651791167501609343.jpg
easyfamilyrecipes,1653275363679990288.info,1653275363679990288.jpg
easyfamilyrecipes,1654040802450407262.info,"1654036494816167569.jpg, 1654036502248443631.jpg, 1654036509177509106.jpg, 1654036515888421126.jpg, 1654036523849172024.jpg"
easyfamilyrecipes,1654417009817892213.info,1654417009817892213.jpg
easyfamilyrecipes,1656853855831281686.info,1656853855831281686.jpg
el.vino,1424799966118821108.info,1424799966118821108.jpg
el.vino,1427598928819339127.info,1427598928819339127.jpg
el.vino,1428279011448182702.info,1428279011448182702.jpg
el.vino,1428896410866025856.info,1428896410866025856.jpg
el.vino,1431445843810052705.info,1431445843810052705.jpg
el.vino,1433491086264914093.info,1433491086264914093.jpg
el.vino,1444429404318005705.info,1444429404318005705.jpg
el.vino,1445115760384759171.info,1445115760384759171.jpg
el.vino,1453685129155027244.info,1453685129155027244.jpg
el.vino,1454446619315246075.info,1454446619315246075.jpg
farahpromakeup,1597751693117197443.info,1597751693117197443.jpg
farahpromakeup,1598457074285871868.info,1598457074285871868.jpg
farahpromakeup,1609706175652573359.info,1609706175652573359.jpg
farahpromakeup,1611297115039194120.info,1611297115039194120.jpg
farahpromakeup,1611314752414719762.info,1611314752414719762.jpg
farahpromakeup,1614245416940127080.info,1614245416940127080.jpg
farahpromakeup,1614844752807950101.info,1614844752807950101.jpg
farahpromakeup,1614912316066008242.info,1614912316066008242.jpg
farahpromakeup,1616376723820431619.info,1616376723820431619.jpg
farahpromakeup,1616384019745190493.info,1616384019745190493.jpg
